,id,name
0,37i9dQZF1DXcBWIGoYBM5M,Today's Top Hits
1,37i9dQZF1DX0XUsuxWHRQd,RapCaviar
2,37i9dQZF1DX1lVhptIYRda,Hot Country
3,37i9dQZF1DX10zKzsJ2jva,¡Viva Latino!
4,37i9dQZF1DX4JAvHpjipBk,New Music Friday
5,37i9dQZF1DX4dyzvuaRJ0n,mint
6,37i9dQZF1DX4SBhb3fqCJd,Are & Be
7,37i9dQZF1DWXRqgorJj26U,Rock Classics
8,37i9dQZF1DX4sWSpwq3LiO,Peaceful Piano
9,37i9dQZF1DXcF6B6QPhFDv,Rock This
10,37i9dQZF1DWXJfnUiYjUKT,New Music Friday
11,37i9dQZF1DXcRXFNfZr7Tp,TGIF
12,37i9dQZF1DX4o1oenSJRJd,All Out 00s
13,37i9dQZF1DXbTxeAdrVG2l,All Out 90s
14,37i9dQZF1DX4UtSsGT1Sbe,All Out 80s
15,37i9dQZF1DWTJ7xPn4vNaz,All Out 70s
16,37i9dQZF1DXaKIA8E7WcJj,All Out 60s
17,37i9dQZF1DWSV3Tk4GO2fq,All Out 50s
18,37i9dQZF1DWTwnEm1IYyoj,Soft Pop Hits
19,37i9dQZF1DX2A29LI7xHn1,Signed XOXO
20,37i9dQZF1DX2RxBh64BHjQ,Most Necessary
21,37i9dQZF1DWVA1Gq4XHa6U,Gold School
22,37i9dQZF1DWY4xHQp97fN6,Get Turnt
23,37i9dQZF1DWX3387IZmjNa,"Love, Sex, & Water"
24,37i9dQZF1DWYkaDif7Ztbp,African Heat
25,37i9dQZF1DX5hR0J49CmXC,Mind Right
26,37i9dQZF1DXan38dNVDdl4,Dancehall Official
27,37i9dQZF1DWSvKsRPPnv5o,Cali Fire
28,37i9dQZF1DWUVpAXiEPK8P,Power Workout
29,37i9dQZF1DX0Tkc6ltcBfU,The Realest Down South
30,37i9dQZF1DX1YPTAhwehsC,State of Mind
31,37i9dQZF1DWTggY0yqBxES,Alternative Hip Hop
32,37i9dQZF1DX0HRj9P7NxeE,Workout Twerkout
33,37i9dQZF1DWT6SJaitNDax,We Everywhere
34,37i9dQZF1DX2r0FByV5U4C,Black History Salute
35,37i9dQZF1DXaKctwWdt4be,Behind The Lyrics: Hip Hop
36,37i9dQZF1DWT2jS7NwYPVI,New Noise
37,37i9dQZF1DX82GYcclJ3Ug,The New Alt
38,37i9dQZF1DX49jUV2NfGku,Rock Solid
39,37i9dQZF1DX1Jg9KZ76Rr9,Rock This: Best of 2017
40,37i9dQZF1DX8FwnYE6PRvL,Rock Party
41,37i9dQZF1DX6mvEU1S6INL,You & Me
42,37i9dQZF1DX2SK4ytI2KAZ,It's ALT Good!
43,37i9dQZF1DWZkHEX2YHpDV,The Scene
44,37i9dQZF1DWWJOmJ7nRx0C,Rock Hard
45,37i9dQZF1DXdXKIWnpyigm,This Is Ryan Adams
46,37i9dQZF1DX2rBR3X9E86S,This Is The Black Keys
47,37i9dQZF1DWUlZhYdX0uqM,This Is Tom Petty
48,37i9dQZF1DX82CY3GzF2m6,This Is Nirvana
49,37i9dQZF1DWWc7UGhP4Mpw,This Is Ramones
50,37i9dQZF1DWVPJN9etkrEa,This Is Green Day
51,37i9dQZF1DXbj9Ksq4BAdj,This Is Metallica
52,37i9dQZF1DXcGV9sg8bMdx,This Is Jane's Addiction
53,37i9dQZF1DWXupFIUw7TOC,This Is Oasis
54,37i9dQZF1DX5L9gRaHajqj,This Is KISS
55,37i9dQZF1DWY6vTWIdZ54A,Dirty Rock
56,37i9dQZF1DX5OUjSS1OMgV,One More Rep
57,37i9dQZF1DX1rVvRgjX59F,90s Rock Anthems
58,37i9dQZF1DX6ALfRKlHn1t,Soak Up the Sun
59,37i9dQZF1DXa9xHlDa5fc6,License To Chill
60,37i9dQZF1DX2aneNMeYHQ8,Rockin' Vibes
61,37i9dQZF1DWXs1L3AC0Xio,Rock Ballads
62,37i9dQZF1DXa6YOhGMjjgx,Totally Alt
63,37i9dQZF1DXcfZ6moR6J0G,Nu Metal Generation
64,37i9dQZF1DWXMg4uP5o3dm,Alternative Beats
65,37i9dQZF1DX2S9rTKTX6JP,Rock Covers
66,37i9dQZF1DX6ujZpAN0v9r,Dreamy & Distorted
67,37i9dQZF1DX0wiundViT27,Rock Me UP!
68,37i9dQZF1DX9Mqxt6NLTDY,All Things Post
69,37i9dQZF1DX9wa6XirBPv8,Emo Forever
70,37i9dQZF1DXaGNG7NmtmZv,Classic Hardcore
71,37i9dQZF1DWZjmJmeiazwd,Rock Gaming
72,37i9dQZF1DX8S0uQvJ4gaa,New Boots
73,37i9dQZF1DX5mB2C8gBeUM,Wild Country
74,37i9dQZF1DWYnwbYQ5HnZU,Country Gold
75,37i9dQZF1DX3Ee0ngF5ZVQ,Texas Music Now
76,37i9dQZF1DWYiR2Uqcon0X,Country Coffeehouse
77,37i9dQZF1DWW7RgkOJG32Y,Breakout Country
78,37i9dQZF1DX8WMG8VPSOJC,Country Kind of Love
79,37i9dQZF1DWXi7h4mmmkzD,Country Nights
80,37i9dQZF1DWTkxQvqMy4WW,Chillin' on a Dirt Road
81,37i9dQZF1DWU2LcZVHsTdv,Country by the Grace of God
82,37i9dQZF1DWU1xHgjMaSpW,This Is: Merle Haggard
83,37i9dQZF1DX1kw8OX1mNoI,This Is:  Johnny Cash
84,64FJj5HaUHR6KrKSsU8KPx,From Beginning To End:  Johnny Cash
85,37i9dQZF1DWVpjAJGB70vU,90's Country
86,37i9dQZF1DX24Kh15JFQJ0,New Traditions:  Country Heroes
87,37i9dQZF1DXbDjX0hus3Iu,Southern Rock 101
88,37i9dQZF1DXc0fQ4sGOnVJ,Field Party
89,0NfjMqrzcGKVsbYZmhf4Md,Classic Honky Tonk
90,37i9dQZF1DWWH0izG4erma,Country Rocks
91,37i9dQZF1DWUzFXarNiofw,The Newness
92,37i9dQZF1DX4y8h9WqDPAE,Channel X
93,37i9dQZF1DWXnexX7CktaI,Gold Edition
94,37i9dQZF1DWSfMe9z89s9B,Alternative R&B
95,37i9dQZF1DX2UgsUIg75Vg,Chilled R&B
96,37i9dQZF1DX2Ma8k80RiMN,The Sweet Suite
97,37i9dQZF1DWY12BqhkMFW2,Soul Revived
98,37i9dQZF1DX62Nfha2yFhL,Soul Lounge
99,37i9dQZF1DWVEvzGeX3eRs,'90s Baby Makers
100,37i9dQZF1DWTJNOeepZTGy,Wine & Dine
101,37i9dQZF1DX7OIddoQVdRt,Spread the Gospel
102,37i9dQZF1DX70TzPK5buVf,Funk Outta Here
103,37i9dQZF1DX6VDO8a6cQME,I Love My '90s R&B
104,37i9dQZF1DX0H8hDpv38Ju,’80s Jam Session
105,37i9dQZF1DWYmmr74INQlb,I Love My '00s R&B
106,37i9dQZF1DWSIO2QWRavWZ,Queen
107,37i9dQZF1DWSRMdeGCgprt,The Rhythm
108,37i9dQZF1DX8tZsk68tuDw,Dance Rising
109,37i9dQZF1DXcZDD7cfEKhW,Pop Remix
110,37i9dQZF1DX0BcQWzuB7ZO,Dance Hits
111,37i9dQZF1DXa8NOEUWPn9W,Housewerk
112,37i9dQZF1DXa41CMuUARjl,Friday Cratediggers
113,37i9dQZF1DX0hvSv9Rf41p,Bass Arcade
114,37i9dQZF1DWXLeA8Omikj7,Brain Food
115,37i9dQZF1DX0r3x8OtiwEM,Lowkey Tech
116,37i9dQZF1DX6VdMW310YC7,Chill Tracks
117,37i9dQZF1DX8a1tdzq5tbM,Dance Classics
118,37i9dQZF1DX5GiUwx1edLZ,mint Acoustic
119,37i9dQZF1DXdgz8ZB7c2CP,Creamy
120,37i9dQZF1DXaXB8fQg7xif,Dance Party
121,37i9dQZF1DX2TRYkJECvfC,Deep House Relax
122,37i9dQZF1DX32NsLKyzScr,Power Hour
123,37i9dQZF1DWTfrr8pte1rT,Emotron
124,37i9dQZF1DX0pH2SQMRXnC,Hardstyle Bangers
125,37i9dQZF1DWSf2RDTDayIx,Happy Summer Beats
126,37i9dQZF1DX4eRPd9frC1m,Hype
127,37i9dQZF1DX8CopunbDxgW,Metropolis
128,37i9dQZF1DX2VvACCrgjrt,Nasty Bits
129,37i9dQZF1DX6GJXiuZRisr,Night Rider
130,37i9dQZF1DX2pprEpa9URZ,Orgánica
131,37i9dQZF1DX3ND264N08pv,Rage Beats
132,37i9dQZF1DX1tW4VlEfDSS,Groove Theory
133,37i9dQZF1DWUq3wF0JVtEy,Shuffle Syndrome
134,37i9dQZF1DWYzMfRQj22Nd,Stepping Out
135,37i9dQZF1DX91oIci4su1D,Trance Mission
136,37i9dQZF1DX1OIMC8iDi74,Trap Mojito
137,37i9dQZF1DWSrVdvTl1tVY,UK House Music
138,37i9dQZF1DWSRc3WJklgBs,Heart Beats
139,37i9dQZF1DX5Q27plkaOQ3,Dubstep Don
140,37i9dQZF1DX3FNkD0kDpDV,R3HAB Guest Mix
141,37i9dQZF1DX3XjJqhm9fqD,Haitian Heat
142,37i9dQZF1DX7nGw3hwYw03,This Is Alesso
143,37i9dQZF1DWZUWZIwpqsT3,This Is Alok
144,37i9dQZF1DWW3gTjSx5Dc7,This Is Axwell Λ Ingrosso
145,37i9dQZF1DWY1XXKzcWtF3,This Is David Mancuso
146,37i9dQZF1DX87JE1B72J6C,This Is deadmau5
147,37i9dQZF1DX94qaYRnkufr,This Is Martin Garrix
148,37i9dQZF1DZ06evO3j5vfW,This Is Nicky Romero
149,37i9dQZF1DX2kvBlhyEkb6,This Is: Tchaikovsky
150,37i9dQZF1DX37CqNpZIOOZ,This Is: Richard Strauss
151,37i9dQZF1DX5ZPNS2aXuN4,This Is: Bartók
152,37i9dQZF1DX1tT8vLysk8r,This Is: Prokofiev
153,37i9dQZF1DWSQeR9oTmnyj,This Is: John Williams
154,37i9dQZF1DX5M3XSYkKZCl,This Is: Pavarotti
155,37i9dQZF1DXaQQM8OxjxoC,This Is: Brahms
156,37i9dQZF1DX6Hln2awUHXX,This Is: Wagner
157,37i9dQZF1DWVTUSNpU0pKJ,This is: Erik Satie
158,37i9dQZF1DWZhMbcax6CUd,This Is: Ravel
159,37i9dQZF1DX30FdZ6jR5Gl,This Is Philip Glass
160,37i9dQZF1DWTBNkoD4HmYd,This Is: Vivaldi
161,37i9dQZF1DX93wmY669mVj,This Is: Liszt
162,37i9dQZF1DWXnRw5VvmZDb,This Is: Debussy
163,37i9dQZF1DWY3VlkBR4Jhb,This Is: Schubert
164,37i9dQZF1DWSL7w3snV7Gw,This Is: Glenn Gould
165,37i9dQZF1DX9l01QzlK1Yo,This Is: London Symphony Orchestra
166,37i9dQZF1DX16wERbfwQvR,This Is: Haydn
167,37i9dQZF1DX12YIlzNkccL,This Is Beethoven
168,37i9dQZF1DX8qqIDAkKiQg,This Is Mozart
169,37i9dQZF1DX9ZP5oobcNgA,This Is: Handel
170,37i9dQZF1DWZnzwzLBft6A,This Is JS Bach
171,37i9dQZF1DX0FIO61wizta,This Is: Verdi
172,37i9dQZF1DWXN6CDDJDZSt,This Is: Puccini
173,37i9dQZF1DX0VplLa7NC0a,This Is: Rossini
174,37i9dQZF1DX8hPJIYGSAc8,Classical Piazzolla
175,37i9dQZF1DX5jgHoqkhgYj,This Is: Heitor Villa-Lobos
176,37i9dQZF1DX1uiBEEB5wRG,Piano Transcriptions 50: Spotify Picks
177,37i9dQZF1DWV0gynK7G6pD,Classical New Releases: Spotify Picks
178,37i9dQZF1DWUfMnnPBigKP,Symphony of the Winds
179,37i9dQZF1DWXMEbgClM8hw,All About That Brass
180,37i9dQZF1DX0ynPp7KaiSY,Winter Classical
181,37i9dQZF1DWZm0IlR3JPVY,Spring Classical
182,37i9dQZF1DX7TvcXU5TLWg,Spotify Orchestra: Violin
183,37i9dQZF1DWVQTBWd2FvK6,Spotify Orchestra: Viola
184,37i9dQZF1DWSPYCQqDPtY7,Spotify Orchestra: Double Bass
185,37i9dQZF1DWYi4w24l7FTx,Spotify Orchestra: Cello
186,37i9dQZF1DXafCT9DHTijq,Classical Halloween
187,37i9dQZF1DXaQeL9mwtfsG,70 After 70: Creativity & Longevity
188,37i9dQZF1DX72wg2crHeWu,30 Before 20: Masterworks by Teenagers
189,37i9dQZF1DXcj60FvXn3Et,Women of Soundtracks
190,37i9dQZF1DX21bRPJuEN7r,Composer Weekly: Michael Nyman
191,37i9dQZF1DXcN1fAVSf7CR,Top Classical of 2017
192,37i9dQZF1DX7dzHXrANAir,Classical X
193,37i9dQZF1DXbaZdHeCwl9C,Early Classical
194,37i9dQZF1DXajUXy2f1Dsi,Top Latin Classical
195,37i9dQZF1DXddGd6mP5X2a,Orchestra 100: Spotify Picks
196,37i9dQZF1DX0i61tT0OnnK,Space-themed Classical Music
197,37i9dQZF1DWVfS4Cdd3PNf,Opera 100: Spotify Picks
198,37i9dQZF1DXah8e1pvF5oE,Piano 100: Spotify Picks
199,37i9dQZF1DX7cBprxbt1Fn,Gentle Classical: From Dusk till Dawn
200,37i9dQZF1DWZtZ8vUCzche,Songs To Test Headphones With
201,37i9dQZF1DX1W7If2h64K3,This Is: Schumann
202,37i9dQZF1DWWYlokKRoQoC,This Is: John Prine
203,1scnlLVq91NGtsA9sh0hfw,Nicholas Sparks | Songs from the Soundtracks
204,37i9dQZF1DX3LyU0mhfqgP,Out Now
205,37i9dQZF1DX59HcpGmPXYR,Pride Classics
206,37i9dQZF1DWTMR78LDoAZC,Alternative Pride
207,37i9dQZF1DWX82ahbDuQIz,Best of Broadway
208,37i9dQZF1DXbmCTvLQy5AO,"Work It, Own It"
209,37i9dQZF1DWZZCoBbLu26P,Fierce
210,37i9dQZF1DX5TMFhaZc9ov,Queer As Folk
211,37i9dQZF1DWTLrNDPW5co2,In Electric Dreams
212,37i9dQZF1DX2GKumqRIZ7g,Disco Fever
213,37i9dQZF1DWZTHlwqNeZ4l,Tegan and Sara: Pride
214,37i9dQZF1DWXQvLdd1rRKX,Perfume Genius: Pride
215,37i9dQZF1DX6WKkjNUHy2F,Adam Lambert: Pride
216,37i9dQZF1DXaEC8MQ0kjtY,This Is: Troye Sivan
217,37i9dQZF1DX5xCgFwl423z,Rufus Wainwright: Pride
218,37i9dQZF1DXajWk2WkW4sa,Kathy Griffin #PressPlayForPride
219,37i9dQZF1DX3V9xyjs9Om5,Betty Who: Pride
220,37i9dQZF1DX7wHseZmxqFF,Little Mix: Pride
221,37i9dQZF1DWTWaD7ByJaBc,MNEK: Pride
222,37i9dQZF1DX4yLn8TpmS3h,Years & Years: Pride
223,37i9dQZF1DX6RDaNNfUPt3,Shura #PressPlayForPride
224,37i9dQZF1DX8SiEKUUEVVi,Conchita: Pride
225,37i9dQZF1DXdLtD0qszB1w,This Is The Beatles
226,37i9dQZF1DWYHkSks5rujC,The Long and Winding Road
227,37i9dQZF1DX5k1GSjYBi0z,All You Need Is Love
228,37i9dQZF1DWZreqadA03A8,Lucy In The Sky With Diamonds
229,37i9dQZF1DXdwF9DytRe8w,Here Comes The Sun
230,37i9dQZF1DXcHV6YH5zTsV,Twist and Shout
231,37i9dQZF1DWVDVRzaLYm4M,This Is George Harrison
232,37i9dQZF1DX2PB4Qx11qXU,This Is: Paul McCartney
233,37i9dQZF1DWULtPSrLama7,This Is: Ringo Starr
234,37i9dQZF1DX5CrSNP0mzoZ,This is: Sir George Martin
235,37i9dQZF1DWVs8I62NcHks,Disney Favorites
236,37i9dQZF1DX95gx8SY6DLX,This Is The Doors
237,37i9dQZF1DXec50AjHrNTq,This Is AC/DC
238,37i9dQZF1DWZUozJiHy44Y,This Is Adele
239,37i9dQZF1DWZMCPjHG57gq,This Is Al Green
240,37i9dQZF1DWXMmak2OV7PN,This Is alt-J
241,37i9dQZF1DX6bJVMtDYJHx,This Is Aretha Franklin
242,37i9dQZF1DX4EKARgqYPFZ,This Is blink-182
243,37i9dQZF1DX177vQ7mVRmP,This Is Bruno Mars
244,37i9dQZF1DX6GiJlVeD6Ou,This is: Carole King
245,37i9dQZF1DX5WtNRbfbuUo,This is: Deep Purple
246,37i9dQZF1DX3BSwupE5hR7,This Is Depeche Mode
247,37i9dQZF1DWVRrLXgTbWFy,This Is: Dispatch
248,37i9dQZF1DWWxPM4nWdhyI,This Is Ed Sheeran
249,37i9dQZF1DWVstK6FYh8Nw,This Is Future
250,37i9dQZF1DXcIVSTUG9zAG,This Is: George Michael
251,37i9dQZF1DWUifRttnt99X,This Is: Gillian Welch
252,37i9dQZF1DX3Csy1LFxjkI,This Is James Arthur
253,37i9dQZF1DX9OTdoPfdJpF,This is: Jamiroquai
254,37i9dQZF1DWYrlaUEYy4Vg,This Is John Mayer
255,37i9dQZF1DX8DxW4iib3Eq,This Is: John Legend
256,37i9dQZF1DXc2aPBXGmXrt,This Is Justin Bieber
257,37i9dQZF1DXc7FZ2VBjaeT,This Is Lady Gaga
258,37i9dQZF1DX1xlmTNXq2Qg,This Is LANY
259,37i9dQZF1DX3Hdbt1R3mYP,This Is Laura Marling
260,37i9dQZF1DWULYh276RumE,This Is:  Miranda Lambert
261,37i9dQZF1DWTG97QsiXgEX,This Is Muse
262,37i9dQZF1DWT6VDwxLyl0W,This Is Neil Young
263,37i9dQZF1DX8OYzU0lx5hL,This Is Nina Simone
264,37i9dQZF1DWThFkopzOaNW,This Is New Edition
265,37i9dQZF1DX6p4TJxzMRDe,This Is One Direction
266,37i9dQZF1DXbZBKpgxsyXU,This Is OneRepublic
267,37i9dQZF1DX4dWEvmDfGoP,This is: Raffi
268,37i9dQZF1DX6JzJ8vAK836,This Is Prince
269,37i9dQZF1DWXqcBHh7a68E,This Is: Rag'n'Bone Man
270,37i9dQZF1DX024QaIPhrkq,This Is Soundgarden
271,37i9dQZF1DX1zj9CzXszqD,This Is: Status Quo
272,37i9dQZF1DWWYIyS8LLUDj,This Is Stevie Wonder
273,37i9dQZF1DXaZan2kzvaVc,This Is The Beach Boys
274,37i9dQZF1DX5COO9vTaRpO,This Is The Rolling Stones
275,37i9dQZF1DX6bnzK9KPvrz,This Is The Weeknd
276,37i9dQZF1DXctzlWgrxNLn,This Is Thomas Rhett
277,37i9dQZF1DX5xFQkXoZxdM,This Is: Trey Songz
278,37i9dQZF1DX8f6VxHEcGCN,This Is Bob Dylan
279,37i9dQZF1DWZais6SIaMts,This Is Bonobo
280,37i9dQZF1DWXcA2XXbXQ3d,This Is Britney Spears
281,37i9dQZF1DX9qkL85stcHs,This is Bruce Springsteen
282,37i9dQZF1DX3w9f3pg1Dyc,This is: Cher
283,37i9dQZF1DX0LonJ1uN97e,This Is Chuck Berry
284,37i9dQZF1DWZAkrucRF6Gq,This Is Daft Punk
285,37i9dQZF1DX9AUVnnnNUND,This Is Eagles
286,37i9dQZF1DX3yvjXSVJwJV,"This Is Earth, Wind & Fire"
287,37i9dQZF1DX7VulteLVOkq,This Is Elton John
288,37i9dQZF1DXdRITMyVwc9y,This is: Emeli Sandé
289,37i9dQZF1DWSxQLa5KoDYW,This Is Gorillaz
290,37i9dQZF1DX7QOv5kjbU68,This Is Drake
291,37i9dQZF1DX8N0xov3IdrH,This is Jerry Garcia
292,37i9dQZF1DX94esvuBEVw6,This Is Joni Mitchell
293,37i9dQZF1DWY24WaVcCqqH,This Is Little Mix
294,37i9dQZF1DX7FLzW9rNIxr,This Is London Grammar
295,37i9dQZF1DXdVelxaccCqL,This Is Lou Reed
296,37i9dQZF1DWXDAhqlN7e6W,This Is: Max Martin
297,37i9dQZF1DWTqZKf590Jo5,This is: Maxwell
298,37i9dQZF1DX5P58TnuVGha,This Is Margo Price
299,37i9dQZF1DWYEHBVWXZn8H,This Is Nick Cave
300,37i9dQZF1DX6JuPU62sIoU,This Is Nickelback
301,37i9dQZF1DX1XDyq5cTk95,This Is Radiohead
302,37i9dQZF1DWSNpCo0vJUOm,This Is: R.E.M.
303,37i9dQZF1DWWhBhYl3ZMvY,This Is Rihanna
304,37i9dQZF1DX8IAL5KfmFJA,This is Roxette
305,37i9dQZF1DX86aPVQf2emM,This Is Sampha
306,37i9dQZF1DX5WbJFtYTzv7,This Is: Skepta
307,37i9dQZF1DWWUJdr9ahsbf,This Is Spice Girls
308,37i9dQZF1DX8yMCqd4JdaS,This is Sting
309,37i9dQZF1DX5joH2aOAS4r,This Is Take That
310,37i9dQZF1DX9AFOBBZSMWw,This Is Stormzy
311,37i9dQZF1DX4UK2Qu9x6KC,This Is Tina Turner
312,37i9dQZF1DX4c84KflUhSt,This Is Tony Bennett
313,37i9dQZF1DX4cEqBpR9k1C,This Is Trentemøller
314,37i9dQZF1DX8kI525v95Yu,This Is U2
315,37i9dQZF1DWUHyTgDVMaG1,This Is Van Morrison
316,37i9dQZF1DWYrXu9rm1zUZ,This Is Volbeat
317,37i9dQZF1DXbW9wx2hgf03,This is: Wiley
318,37i9dQZF1DX7mMRxgkst0Y,This Is The Fall
319,37i9dQZF1DWY3pbjsJ6MxA,Best of John Peel Sessions
320,37i9dQZF1DWSp9aN7lDNHp,This Is The xx
321,37i9dQZF1DX4n3DaGTtM0p,This Is: David Axelrod
322,37i9dQZF1DX4s3V2rTswzO,Classical Romance
323,37i9dQZF1DWXjj6kdiviS0,Baroque 50: Spotify Picks
324,37i9dQZF1DWVx3vT1QCKCV,This Is John Coltrane
325,2NFOUmp2wyR5CrXtKDkUkB,1960s Nostalgia
326,1o2bTwofazfzElA5mXGf2t,Breakup Blues
327,6cdV0hVW2suJaMOxzwE46S,I Hate My Job.
328,2uhsnHgI4F2eFyvoMHY0GR,Instrumental Rock
329,2uVP1agvV5rba3MqLQ0pzy,Avant Folk
330,37i9dQZF1DX3BqHI5fuXWV,This Is Miles Davis
331,37i9dQZF1DXdEXmWwCHnI5,Office Offensive
332,37i9dQZF1DX8NZFqAdV1lo,Unsolicited Advice
333,0BbcjurkvWrkWxKKLzcqIP,The Perfect Crafternoon
334,37i9dQZF1DX2mmt7R81K2b,Jazz – Classical Crossings
335,37i9dQZF1DWSRoT7QRAibZ,Comedy Top Tracks
336,37i9dQZF1DX4b3CsyjLN6p,20 Questions
337,37i9dQZF1DWWsTBFM3ksVb,The Funny Thing About Football Is...
338,37i9dQZF1DX9O8pzsnCkf6,Women of Comedy
339,37i9dQZF1DXb85CZUwGLzX,A Monty Python Emporium
340,37i9dQZF1DXdWZwKY7xcB3,Music Jokes
341,44XJR1i3Vl2B3acOEYwinE,Power Ballads
342,37i9dQZF1DWVV27DiNWxkR,Sad Indie
343,2YeGkAUQhmO8TCjSMbFYWf,Energy + Positivity
344,37i9dQZF1DWTwzVdyRpXm1,Desi Hits
345,0op6xwVK9pVhcxozSQPEsJ,Namaste
346,2Ph68VcwRfqRdnrKhY3oPS,Rustic Romance Wedding
347,2VxQy0Q22k1gP542tzaMCN,Word of Mouth
348,37i9dQZF1DXcDxnC0UqHJa,Folksy Covers
349,0sDO43KAaJUWIYassTKWYf,Indie Strings
350,2B64RN7KJte5x6iXgg02tv,Vinyasa Flow
351,3OUguxmuL5x24sMAw4qPku,Acoustic Commute
352,37i9dQZF1DWXJyjYpHunCf,Folk Pop
353,37i9dQZF1DX0IyMQV27EGn,Femme Fatale
354,37i9dQZF1DX79Y9Kr2M2tM,Lush + Atmospheric
355,37i9dQZF1DWU6Vfrf87eTG,Indie Folk for Focus
356,5v2J2noHVxPWgSrOw6lZsp,Summertime Vibes
357,37i9dQZF1DWTVIaV4KJYuq,Classic Covers
358,1W2XJETQjFYdzT4GuhBHmS,More Banjo!
359,37i9dQZF1DX8gLrc0tlHvS,Stomp & Holler
360,37i9dQZF1DX0611i4oGheJ,Soft + Slow
361,37i9dQZF1DX7Y2xcY13mN1,Trad Folk
362,37i9dQZF1DX56crgoe4TG3,Bluegrass Covers
363,37i9dQZF1DX0RwLEp3x6W4,Bluegrass Origins
364,43rSnXFDoctqiZxvEqH14P,Chill as Folk
365,37i9dQZF1DWSNmwgf7Nv11,Boho + Chill
366,37i9dQZF1DX6dvuioZhoLo,Vintage Vibes
367,37i9dQZF1DX0yL7UvjSKZT,Indie Bluegrass
368,37i9dQZF1DXaUDcU6KDCj4,Fresh Folk
369,1IKDP8o4UvpfLh0SJX2e1b,The New Bohemian
370,37i9dQZF1DX9HwI3Crikcm,Irish Folk: Jigs & Reels
371,37i9dQZF1DXcFk5r8uS3l2,Blues Roots
372,37i9dQZF1DX4cukhkYKVZW,SongCraft
373,44Ht3IACEyKqiLBZupIhIk,Sweetgrass
374,37i9dQZF1DWV5vqkTng2MA,The New Retro
375,37i9dQZF1DWXnscMH24yOc,Chill Covers
376,37i9dQZF1DWVvXA824aCbn,The Piano Bar
377,37i9dQZF1DWVFJtzvDHN4L,Cinematic Chillout
378,37i9dQZF1DXe5Q8muTQked,Ultimate Covers
379,37i9dQZF1DX9G9wwzwWL2k,Epic Classical
380,37i9dQZF1DX504r1DvyvxG,Classic Acoustic
381,37i9dQZF1DXbvE0SE0Cczh,Jukebox Joint
382,37i9dQZF1DX28npkgy2RE4,Modern Eclectic
383,37i9dQZF1DX58NJL8iVBGW,Southern Gothic
384,37i9dQZF1DX9pryhDLql25,Boozy Brunch
385,37i9dQZF1DX3Fzl4v4w9Zp,The Pulse of Americana
386,37i9dQZF1DWZ0OzPeadl0h,Evening Chill
387,37i9dQZF1DX8NTLI2TtZa6,Intense Studying
388,37i9dQZF1DX6z20IXmBjWI,Infinite Acoustic
389,37i9dQZF1DWSlwBojgQEcN,Acoustic Love
390,37i9dQZF1DXcWBRiUaG3o5,Evening Acoustic
391,37i9dQZF1DWWwaxRea1LWS,#ThrowbackThursday
392,37i9dQZF1DWSkMjlBZAZ07,Happy Folk
393,37i9dQZF1DX35oM5SPECmN,Run Wild
394,37i9dQZF1DWUNIrSzKgQbP,Summer Acoustic
395,62Tpw0jhT8kxF3KPbGciTk,Sweet Winter Songs
396,37i9dQZF1DWWEJlAGA9gs0,Classical Essentials
397,37i9dQZF1DX2taNm7KfjOX,Infinite Indie Folk
398,37i9dQZF1DWTtTyjgd08yp,Deep Dark Indie
399,37i9dQZF1DX56qfiUZBncF,Creativity Boost
400,37i9dQZF1DXb9LIXaj5WhL,90s Acoustic
401,37i9dQZF1DXdd3gw5QVjt9,Morning Acoustic
402,37i9dQZF1DWXmlLSKkfdAk,Acoustic Covers
403,37i9dQZF1DX571ttkrxAeN,Acoustic Cafe International
404,0pHFNRP8qkYhal0q0Irp6D,Disco Beats
405,37i9dQZF1DXaVtcC7N0WMw,A Poem a Day
406,7pD7pMFxcq8agMXqLQCggM,Rock & Roots
407,0XDRWlx2B1C1OXlaLlld8t,Interstate Drive Songs
408,67uEKAhAdvMJvumeC8ZgjB,Low Key Revelry
409,37i9dQZF1DX2SAJ4GmhZC1,Top Male Artists of 2017: USA
410,37i9dQZF1DWWoCDtOBjhpE,Top Female Artists of 2016 - USA
411,37i9dQZF1DWZqyWCBK6QTt,Spotify Singles: Covers
412,0fmNiEOXSfBfurQwf4gG5L,Best of 2016: Folk & Americana
413,7g3zHOim2XylTlM7Oittr8,Best of 2016:  Hot Country
414,2O0Nf9Mi5tM17PM7Ns6Fgu,Guest List: Orb
415,37i9dQZF1DXboQCHLEaHcr,Fangirls Run the World
416,37i9dQZF1DWWAqc46ZJdZf,Black Lives Matter
417,37i9dQZF1DX5PuwKY2VZBZ,SXSW: HipHopUpNext
418,37i9dQZF1DWY7uXxMycXfq,Women of Experimental
419,37i9dQZF1DXbWHkfjljXoE,We Shall Overcome
420,1HdxEroWca3L8JR3lvnolH,Artists Den + Spotify
421,1zriHsmiRJmTThtQk8UWPk,Women in Music | Stories & Songs
422,1Bl4B5jBEJwNiFRJFMPSMa,0110
423,57clV3IPw1TXSWdzzDVDwp,BRILLIANTMINDS2016
424,37i9dQZF1DXaDBLy2g5eIl,Friends Rewind
425,37i9dQZF1DWSKpvyAAcaNZ,Blues & Roots Rock
426,37i9dQZF1DX2ULa1Ss8vbo,Irish Folk - Ballads
427,37i9dQZF1DX4nYqGKSH0ld,4th of July Party
428,79sVcfxVNazjyK2iBY9l3q,Incoming
429,37i9dQZF1DX17dmzi8A5FV,90s Boy Bands
430,37i9dQZF1DX4WYpdgoIcn6,Chill Hits
431,37i9dQZF1DX6xOPeSOGone,Soft Rock
432,37i9dQZF1DWSiyIBdVQrkk,One Love
433,37i9dQZF1DX69V4bEzoa8F,We Run The World-Cup!
434,3QAT1vJA7CAIHIRP9Gkyqj,AMY
435,2wqwH7uKckoLe7UVTx1RfO,Follow Your Bliss
436,37i9dQZF1DXd4hrw8K7Pxm,Ballads Forever
437,37i9dQZF1DXaImRpG7HXqp,Calming Acoustic
438,37i9dQZF1DX0JKUIfwQSJh,70s & 80s Acoustic
439,1uIp2WHCf6ODHxHRPmjWG5,Rest & Relaxation
440,6jUFiT3D8f4Rt9n6UnC1aB,One Perfect Day
441,37i9dQZF1DXdNHhNNm0G0B,Backporch Blues
442,37i9dQZF1DXdbkmlag2h7b,Daydreamer
443,37i9dQZF1DX5Q5wA1hY6bS,Stay Wild
444,37i9dQZF1DXb6LkIGouseT,Dreamcatcher
445,37i9dQZF1DX0ES2mnOVvai,Tropical Nights
446,37i9dQZF1DX4aYNO8X5RpR,Nightstorms
447,37i9dQZF1DX2mFmJUZg4Mp,Gentle Rains
448,4Buj61XKuhfVLsW8rPX8YQ,Get Happy!
449,6QAwHYtCdTdrgX6wh1iE9H,Lazy Afternoon
450,37i9dQZF1DX4VvfRBFClxm,Acoustic Hits
451,4qq3MCSLrDgYx7RfJBDvij,The Bridge
452,6YMK6nqc1jS11fGraCU1o2,Spring Garden
453,37i9dQZF1DWTRnup1IgL4a,Under the Stars
454,4MLFX9OXy9ncfBlTfei9Ok,Nightly Meditations
455,71WgbCkbVXGzAltJTAT6lD,(Descent) A Beginning
456,37i9dQZF1DX1s9knjP51Oa,Calm Vibes
457,37i9dQZF1DWZhzMp90Opmn,Pink Noise
458,37i9dQZF1DX9if5QDLdzCa,Ocean Escapes
459,37i9dQZF1DWSW4ppn40bal,Sounds of Home: Noise Therapy
460,37i9dQZF1DWVEt8B7a1H1M,Birds in the Forest
461,37i9dQZF1DX7Mv4BQ3Z4nC,The Yule Log
462,0jJQDST7bzwAYlN19tFLXw,Covered in Country
463,37i9dQZF1DX5FuBDzVtEFX,Hawaiian Dreams
464,0mY9BQvlpraYLzg9BfKuVa,Traffic Jams
465,37i9dQZF1DX030FFx0YCXp,Backyard BBQ
466,2nb7lCySvvf7PNxHUD5oun,#JazzAppreciationMonth
467,2f4rXblveCedKdU2adFgC8,Motivation Montage
468,7MsOqrEv1TxiHPDiYlWVLx,Sugar & Spice
469,3TymQFosH9UgfP5jV5mPEe,Soul Soothers
470,1JuraqRjLX4CmhyvvuXiPF,Winding Roads
471,0NaXa68Xyo4wmMiun5Lqgm,Carpool Karaoke
472,5JXV7ioEqB9ZA1b1RjSLVg,Songbirds
473,3fqSEmStIKS8s3mCCRQFid,Into the Woods
474,37i9dQZF1DWXRvPx3nttRN,Feeling Acoustically Good
475,37i9dQZF1DX5l9rcXWdrth,Women of Hip-Hop
476,37i9dQZF1DX5OepaGriAIm,Women of Jazz
477,37i9dQZF1DX91UQmVbQYyN,Women of Indie
478,37i9dQZF1DX49poIUZYXp7,Women of Country
479,37i9dQZF1DWSIcimvN18p3,Women of Folk
480,37i9dQZF1DX1wNY9tfWQsS,Women of R&B
481,37i9dQZF1DX5AVYhCeISA6,Latin Divas
482,37i9dQZF1DXd0ZFXhY0CRF,Women of Rock
483,37i9dQZF1DWVUSF6gmaR8i,The Piano Lounge
484,2EjRsHG8m4bGCrhCoJ1ykn,Bluegrass Byways
485,6pn7MZpvAxlKPzspzMR6T6,The Scenic Route
486,37i9dQZF1DXat5j4Lk8UEj,Folk Rock Faves
487,37i9dQZF1DWVIzZt2GAU4X,Piano Ballads
488,37i9dQZF1DWZyQUsU1vj4x,Indie Western
489,37i9dQZF1DXafb0IuPwJyF,Tokyo Super Hits!
490,37i9dQZF1DX654l3fFiq56,群星報喜：屬雞歌手
491,37i9dQZF1DX5JcPJgYjGcf,This Is: EXO
492,37i9dQZF1DWTQllLRMgY9S,This Is Madonna
493,37i9dQZF1DX7KWRIlkUpsl,This Is Maroon 5
494,37i9dQZF1DWVw3oyaj4jsN,This Is: BIGBANG
495,37i9dQZF1DWXRAIdXzR5R1,This Is: Bryan Adams
496,37i9dQZF1DX6QDedCAYqRI,Haunting Vocals
497,37i9dQZF1DWYD2pxgooM7y,Chillin' by the Pool
498,37i9dQZF1DWVUfzMW62egm,Hangin' There
499,37i9dQZF1DX9tPFwDMOaN1,K-Pop Daebak
500,37i9dQZF1DX2ohL85TE8TI,Korean OSTs
501,37i9dQZF1DWW46Vfs1oltB,K-Hip-Hop Beats
502,37i9dQZF1DX71SU2C3nX8z,K-Ballads: Summer Love
503,37i9dQZF1DX1wdZM1FEz79,K-Pop Acoustics
504,37i9dQZF1DX3ZeFHRhhi7Y,Fantastic K-Workout
505,37i9dQZF1DX1uG5byNIgDA,Morning K-Pop!
506,37i9dQZF1DXdTb8AG95jne,K-Indie Picks
507,37i9dQZF1DX1gjl24GAQC0,Hallyu Boy Bands
508,37i9dQZF1DX3sCx6B9EAOr,K-Pop Commute
509,37i9dQZF1DX6Cy4Vr7Hu2y,Women of K-Pop
510,37i9dQZF1DX4OyEPaWHBdk,2019 Korean Music Awards
511,37i9dQZF1DX5eq3AONkaho,Workday K-Pop
512,37i9dQZF1DXdR77H5Z8MIM,K-Pop Weekend!
513,37i9dQZF1DX8eqay1FtdMm,K-Power Vocals
514,37i9dQZF1DWXaehqeJpkro,Sing Along K-Pop
515,37i9dQZF1DWTTHy0vndijk,Bubblegum K-Pop
516,37i9dQZF1DWUXxc8Mc6MmJ,K-Crazy Michioso Tunes
517,37i9dQZF1DX1lU51fgoMhF,Summer K-Pop
518,37i9dQZF1DX4IDaXtVjL83,K-Pop X-Overs
519,37i9dQZF1DWWjGdmeTyeJ6,Fresh Finds
520,37i9dQZF1DX6bBjHfdRnza,Fresh Finds: Basement
521,37i9dQZF1DX8C585qnMYHP,Fresh Finds: Cyclone
522,37i9dQZF1DX3u9TSHqpdJC,Fresh Finds: Poptronix
523,37i9dQZF1DWW4igXXl2Qkp,Fresh Finds: Fire Emoji
524,37i9dQZF1DX78toxP7mOaJ,Fresh Finds: Six Strings
525,37i9dQZF1DXao0JEaClQq9,Women of Fresh Finds
526,37i9dQZF1DXc8kgYqQLMfH,Lush Lofi
527,37i9dQZF1DX0SM0LYsmbMT,Jazz Vibes
528,37i9dQZF1DXbXD9pMSZomS,Lo-fi House
529,37i9dQZF1DWUraJYejk11q,Genre Glitch
530,37i9dQZF1DX2I7Ykltk83m,Badass Women
531,37i9dQZF1DX5YyEO1dtgbR,Electronic Avant-Garde
532,37i9dQZF1DX3nNRJvSufrk,Footwork Fever
533,37i9dQZF1DWVGy1YP1ojM5,Silk Sheets
534,37i9dQZF1DX7W9NinHzoYY,This Is: Xavier Omär
535,37i9dQZF1DX0dU0Z2LOkZN,Gold Instrumental Beats
536,37i9dQZF1DWYoYGBbGKurt,Chill Instrumental Beats
537,37i9dQZF1DWZqUHC2tviPw,Trap Instrumental Beats
538,3g2dsbLbtpOz0Gpo4W50QK,We Dem Girlz
539,2PE0DbAlT8ZFiiYaCsCm4Q,1960
540,7EhO7YjjFdrNRtTHcRrnnQ,1961
541,7GSt7smvMMAiOFmPJ17jEf,1962
542,6c1DPPuq4eNKcS2usgij9m,1963
543,2XFhZrcFAFFvBLjRQrw9wI,1964
544,48GGszBLm7kS5D1xJuMnxD,1965
545,41YL3HcXd3zTXa1rMZY5uR,1966
546,3nT5EK7WTRbRZ5vtWg5irD,1967
547,0sbkEFgqbA3Jjot2lbqsyx,1968
548,1xZ87c95aRIeyvqVoKCtdM,1969
549,09D0CKBRWkBBoPn46V6YTO,1970
550,5xAfItDaeAViBRNdSuQ7ZG,1971
551,1DcArrb34m9SS3o8O2dATX,1972
552,5WUFWhGRVpi4ED9QpK2hOF,1973
553,78UTV8Gw5bHpyWc65qR4Px,1974
554,67FrRIrS2v0WAs8yE2JTUM,1975
555,3axv4DMbWHWf7uxOPB1I7K,1976
556,2cIkPMesqdx5VV6IAvX9bE,1977
557,05dTMGk8MjnpQg3bKuoXcc,1978
558,2xtEcvpPTus59Ppa0fv3xP,1979
559,4j0G7LOHRpKYDDXa8lxUik,1980
560,5Co3nToduGTXXF1ra9gXB3,1981
561,722UH6DU3oigTYKBnfBZSy,1982
562,2wHQqJDXcWgQ4GLdVCfb8G,1983
563,0FXAO6yBxrfz5PTOEuvq67,1984
564,5p5jgESe4r75R70Rzvqpcy,1985
565,3GM3OMvut5VuRht0dr8GJX,1986
566,6sKz6mI28U6Dcj7a8WpRnQ,1987
567,1ASJaLRG6NhOpwc8vGYceZ,1989
568,0COE1X7FirWRdfOgls1JJV,1990
569,6ATJMRUakF2bhZcPBYjnD5,1991
570,62NfPhRvacdmSAsNghaRs5,1992
571,33sPgLhtkMgQLWMgdHRQma,1993
572,27hnSuEcFg6wr5C5t3J5eL,1994
573,1FDK3hDHMSyzjC1IpdIOU3,1996
574,4nftZhTZDARHbC2oX5l2Vw,1997
575,1WkrD0MvdN3BcLa4DXBRCQ,1999
576,0JvFNpF6sn3LeV5LXbbSxv,2000
577,5TUU1rXz87AipJYg92AXFg,2001
578,665gwFk3RaSHbgiimtgok0,2002
579,2I7h7Mj5bGlqhI4PyupTPF,2003
580,1XbPuTCA2KsqAOn9PJploZ,2004
581,1Gn0PYtF7VmfuZD0Gb91fN,2006
582,0KIKHBXChX4m2MVm8qQk6N,2007
583,3jibtPWLDXBK0OCJN6Ztsf,2008
584,1fLy5EE5473UueC82LvQub,2009
585,2eCpwX876ZuWtIsZweYMnr,2010
586,0BXZJ6BiA151CzaMcTKPMN,2011
587,7z2Wo5a21ENb24YGcEdoTE,2012
588,3D8eZBmcXjAjFzUjYtrl6f,Dear Mama
589,23sHdrU9wnUTqYjHZQ101O,Top 100 tracks of 2014 - Sweden
590,2rdMSQHM9YryNLPnEbQ7g6,Joe Cocker
591,37i9dQZF1DXcecv7ESbOPu,New Music Friday Sweden
592,7qLIVhpCFAiX1Teqf3L6Y4,Happy Birthday Cheryl!
593,5PzDJIsyNnFxgu0t6Lf41G,June 2
594,7IwNlM5pdX8XWPyhMRhq64,May 20
595,2UwTnYkh7zZjMY6NEQdP95,Grazia Daily: Summer 2013
596,6cSrBkF4TPHetlU033IopA,LSP
597,61T3llVc7dJDCZf1SR72c0,Vogue Travel: The Sound of the Upper East Side
598,1OhJNFdK6FhLToiHmx7abI,POST
599,1npVCZGxmhbfhAyeDEqhwA,Disclosure's Spotify Playlist
600,78Afk1ZdGIAwEG8s3hq49D,The Roots of... Mumford & Sons
601,1pARmsw0z4yebhBtZKxAU0,June 10
602,5hINCaYWvVwzzLmhh4y11x,HAIM
603,6llXb59kkj2STIMBcDobJT,101_FTB
604,2ns4wV7T6X3vlCnzxYwagu,Grazia Daily: The Best of Primavera
605,4fFfXVLYv59XIfPdUvMqKC,braids
606,31agQ1yW51tGsDIFZbAZMl,XFM JUNE 26
607,1omLAKnMAhhkMSe2IGisUZ,The Beach Boys: The Real Best Of...
608,0kfqBZx9obUKiLVDwTqGly,boys cast
609,2G5Wlqt6clkHH2KFK2LS5Q,Happy Birthday George!
610,6vpXSVefNo73POjhwyiWmu,Remembering 2Pac
611,3rMnCpY0WEROlje2b8Bjdn,The Hot Sounds of 1926
612,45Cyxm3R3Gpn2upYrjcPbc,Happy Birthday Kanye!
613,0dVRyMERU2g9M4tWEfaD5B,Mollie King 
614,5Ir6gs0eXKyPj3Qin8uEun,Happy Birthday Sir Tom!
615,44uPoVqT6tOn5AphWVnSvu,Happy Birthday Prince!
616,66uSq0mmMKat8vPRxsbmhp,Happy Birthday Joe Cocker
617,4njfFyb4EgzewhH9kTQuwN,Happy Birthday Mollie!
618,2vfyCK7WsXnVeItNwuiFFR,"Congratulations, Sofia and Daniel"
619,5zpAWvvDe0Q8TXjrgInIke,Welcome Baby Kimye!
620,52FOMIrumGaNXnwKfrlAVf,The Roots of... Vampire Weekend
621,6kDXxWpyGJ2f7nQWQwOMBA,PF
622,1dB0DjEsx9Gy0VG7Hmyc7Q,Happy Birthday Nicole!
623,6r0dNjQD0WUHKs1gpMvpLk,JIRMP
624,3npIV1kNBTG2NHwBfv4t5H,Happy Birthday Sir Paul!
625,13WGZTkVyBhWCD2z7wSwe7,"Happy Birthday, Lionel"
626,2EsohEQHsGn1LWNgOxnuoI,Global Music Day
627,0qNxhUDMiSLrSdTCYD87qn,Dub Zone
628,2hirOuzhv3EK3AgEV2nKZn,Hats The Way I Like It: Ascot 2013
629,4SJ51ZOUgnrv5GjY1GCZAL,Pink Floyd: Start Here
630,3l6cfhKgkSNxYydKiD9o4G,RIP James Gandolfini
631,6LY1QKuuZv6rtPKsHJSsnF,Mountain Session
632,0tkdz9yYluhlxVE9BuJOPm,Spotify Sessions
633,1YGlW3ovCv9Vek4CPnV0mZ,Great Love Ballads
634,0YX4v2yeHtc1Dz43CYfZub,Only Lovers Left Alive - Playlist by Jim Jarmusch and Carter Logan of SQÜRL
635,37i9dQZEVXbMDoHDwVN2tF,Global Top 50
636,37i9dQZF1DX1ewVhAJ17m4,Pop Punk's Not Dead
637,1kPmmFOfrsEk7KzW46uo8m,CAZZETTE – Eject pt. I
638,3kNL4k3rmfGRfx577lL715,US Exclusives
639,7iUOaMP7iKI22rBNflBwjX,Nelson Mandela Tribute
640,0aArwHugPhiiuaL8KxyVXQ,Spotify Global Discoveries
641,4nInziu6O7lNV0ucn8w7YV,Spotify Global Hits
642,5JOn3LSfpbCrOQ7azB4S6C,New Singles on Spotify
643,5lMXuhAFbG0xiAw0XiYKAP,Top Dads on Spotify
644,4nGMejqlEJh82huRHZ19cE,Top Misquoted Song Lyrics
645,6WHZXvb7hEN5w9VMFWPm1x,Keep On Pushing: A Labour Playlist
646,5BQyCxfPfCno0PuTqkZUgb,Top Tracks in Kids
647,6dvI9YLz5JyXhoUo0eQJze,Top Tracks in Popculture
648,2Hg4Q2t6mD8PITWKAQCMFD,Top Tracks in Travel
649,7s0efM9c1ZS427tw2B6wEF,Top Tracks in Workout
650,37i9dQZF1DWTInCyBemELD,Spotify House Sunday
651,37i9dQZF1DWTg2ATsDinfe,Spotify House Monday
652,37i9dQZF1DXbkXuVxdOs6L,Spotify House Tuesday
653,6NjugpbMNtXAtbv3NIbb3j,Spotify House Thursday
654,37i9dQZF1DX0dJUq72uE6R,Spotify House Friday
655,53yqWl4VM0iD34tl27ABhY,Walter - Dangerous
656,08ySLuUm0jMf7lJmFwqRMu,Skyler - Strong
657,2nRUp0P50ClCxPibGSfFcL,Hank - Gutsy
658,10zBfLMB5ty2Pec5LYRcgI,Jesse - Street Smart
659,423y0vzm6cfn0Q1o3JBUDR,Marie - Sassy
660,7dRuhLsXe96SgjYtPvMEcL,Walt Jr. - Innocent
661,37i9dQZF1DXagb3XZSnOQ8,This Is Iron Maiden
662,37i9dQZF1DX5J7FIl4q56G,New Metal Tracks
663,37i9dQZF1DXe6bgV3TmZOL,Adrenaline Workout
664,37i9dQZF1DXbl9rMxGEmRC,Black & Dark Metal
665,37i9dQZF1DX1cJWWyylDuw,Deathcore
666,37i9dQZF1DX6GRSnGELn7L,Got Djent?
667,37i9dQZF1DWUk47CLxI4Uo,Instrumental Madness
668,37i9dQZF1DX9qNs32fujYe,Heavy Metal
669,37i9dQZF1DWTcqUzwhNmKv,Kickass Metal
670,37i9dQZF1DWXIcbzpLauPS,New Core
671,37i9dQZF1DWXDJDWnzE39E,Heavy Queens
672,37i9dQZF1DWWOaP4H0w5b0,Metal Essentials
673,37i9dQZF1DWY5ai7gxfuaS,Metal Xplorer
674,056jpfChuMP5D1NMMaDXRR,Metallica: The Early Years
675,37i9dQZF1DX37bXS7EGI3f,Epic & Melodic
676,7yza99mVQaqnk4Hqs4T3kq,New Wave Of British Heavy Metal
677,37i9dQZF1DWT9SRKhOEUYj,Death Metal & Beyond
678,37i9dQZF1DX2LTcinqsO68,Old School Metal
679,37i9dQZF1DX5wgKYQVRARv,Progressive Metal
680,37i9dQZF1DXdpVGstUksUC,Stoner Rock
681,37i9dQZF1DWZdFtcHGe8ED,Thrashers
682,6QgTemEBMuHaVnOgXaRh1B,Thrash Metal Essentials
683,37i9dQZF1DX4jCqmsDQR1i,Metal Empire
684,7buHbubC96caOTOSQQJ4pl,Year in Metal 2014
685,37i9dQZF1DXdzj8PwvwjTT,Year In Metal 2015
686,37i9dQZF1DX0FNUL0tXob1,Year in Metal 2016
687,37i9dQZF1DX3HkeE0Yyy1n,Best of 2016: Metal
688,37i9dQZF1DXb9DmOVVVkdh,Animal Stories
689,37i9dQZF1DX0gxuYiQFvQL,Fairy Tales
690,37i9dQZF1DXbADqT0j1Cxt,Lullaby Baby
691,37i9dQZF1DX3uZHsihe90o,Family Folk
692,37i9dQZF1DWX16Q183eyvd,Hip-Hopscotch & Reggae Recess
693,37i9dQZF1DWWVwtV5Pv39d,Your Daily Routine
694,37i9dQZF1DX6ALixlKf7N8,Once Upon A Time
695,37i9dQZF1DX6IZDpJNxVZP,Trick or Treat
696,2KSySxa7iudjK0IsgFxuaW,We Love Elmo!
697,37i9dQZF1DWXakVTmpoTAP,Father's Day Love
698,37i9dQZEVXbMnZEatlMSiu,Taiwan Top 50
699,37i9dQZEVXbIVYVBNw9D5K,Turkey Top 50
700,5sFZ3M4gXeYScR9VJTyBh2,Lost the Game? Drown Your Sorrows
701,37i9dQZF1DWUCBI11jYUVn,Independence Day
702,37i9dQZF1DXcbAIldMQMIs,Wish I Could Stay
703,37i9dQZF1DX9ub6ukaleAf,R&Breakfast
704,37i9dQZF1DXafoUo6CVNQy,Funky Oats
705,37i9dQZF1DX2UXfvEIZvDK,Modern Chill Rock
706,37i9dQZF1DX11ghcIxjcjE,Grunge Forever
707,37i9dQZF1DX0BZrbvIqxCd,Punk Rock Workout
708,37i9dQZF1DXbFRZSqP41al,Rock Your Body
709,37i9dQZF1DXasneILDRM7B,Pure Pop Punk
710,37i9dQZF1DXcq57wSefud5,Sunrise Run
711,37i9dQZF1DWXEb535ZGeRC,This Is: Paul Simon
712,37i9dQZF1DWTlgzqHpWg4m,California Rock State
713,37i9dQZF1DWWqNV5cS50j6,Anti Pop
714,37i9dQZF1DXd6pblvljC7n,Just Bounce
715,37i9dQZF1DWVk7x1ClrO0Y,Clout Culture
716,37i9dQZF1DWUWC0NIJDJKL,Indie Sunshine
717,37i9dQZF1DX8f6LHxMjnzD,Singled Out
718,37i9dQZF1DX0FgqHNUrZu9,Wild Cards: Winter Mix
719,37i9dQZF1DXdwmD5Q7Gxah,Lorem
720,37i9dQZF1DXbYM3nMM0oPk,Mega Hit Mix
721,37i9dQZF1DWUa8ZRTfalHk,Pop Rising
722,37i9dQZF1DWYs83FtTMQFw,Hot Rhythmic
723,37i9dQZF1DX3rxVfibe1L0,Mood Booster
724,37i9dQZF1DX0s5kDXi1oC5,Hit Rewind
725,37i9dQZF1DWU13kKnk03AP,Daily Lift
726,37i9dQZF1DX0MLFaUdXnjA,Everyday Favorites
727,37i9dQZF1DX5CdVP4rz81C,Fresh & Chill
728,37i9dQZF1DXaK0O81Xtkis,Happy Chill Good Time Vibes
729,37i9dQZF1DX1N5uK98ms5p,Teen Party
730,37i9dQZF1DWSqBruwoIXkA,Down In The Dumps
731,37i9dQZF1DX1dvMSwf27JO,Study Break
732,37i9dQZF1DX4FJyIpen2Yf,Hip-Hop Yoga
733,37i9dQZF1DXbEm2sKzgoJ8,Make Out Jams
734,15wD5DzfOIRx7QnJKDLtav,Austin Pops
735,37i9dQZF1DX4H3NUOwVLXj,This Is Frank Sinatra
736,37i9dQZF1DWXmxXDRgAKVq,This Is A$AP Mob
737,37i9dQZF1DX5EkyRFIV92g,This Is Kendrick Lamar
738,50l7KMPuO1jMnpofYHCwV1,Austin After Dark
739,37i9dQZF1DWTLlRxFAxbpj,Spring Loaded
740,37i9dQZF1DX7yNDQ30MDO6,This Is Biffy Clyro
741,37i9dQZF1DX46HBMApdlID,This Is The Chainsmokers
742,37i9dQZF1DX6zPl1mbTZSq,This Is Deftones
743,37i9dQZF1DWUYsleI0H271,This Is Incubus
744,37i9dQZF1DXbuvTm9NMIGt,This Is Red Hot Chili Peppers
745,37i9dQZF1DX9DuoVJ0dR3g,This Is Silverchair
746,37i9dQZF1DX4gScoXV8KpV,This Is Sum 41
747,37i9dQZF1DXcvLz8zARcib,Pop Rock Party Time
748,37i9dQZF1DWWwzidNQX6jx,70s Rock Anthems
749,37i9dQZF1DWWzBc3TOlaAV,60s Rock Anthems
750,37i9dQZF1DX56bqlsMxJYR,Classic Oldies
751,37i9dQZF1DXb3m918yXHxA,Yacht Rock
752,37i9dQZF1DX1spT6G94GFC,80s Rock Anthems
753,37i9dQZF1DWYQEbc2LcIWO,Dinner Unplugged
754,37i9dQZF1DX5kjCvsC5isB,Fierce Femmes
755,37i9dQZF1DX8V6C5Nr1MvC,I Love My Air Guitar
756,2Ky26QAfAYo2Zdlo8MqcdH,Punkcake
757,37i9dQZF1DWSJHnPb1f0X3,Cardio
758,37i9dQZF1DX70RN3TfWWJh,Workout
759,37i9dQZF1DWViBxWcYEI1b,Contemporary Blend
760,37i9dQZF1DWTypZHlgEy1G,Standards de la Chanson Française
761,37i9dQZF1DX6sa8XjvdJIf,This Is New Found Glory
762,37i9dQZF1DX9E92APFiTvV,This Is Rush
763,37i9dQZF1DX5kVmFQxhnLW,This Is Michael Bublé
764,37i9dQZF1DWVpFvorxSZ6K,This Is Leonard Cohen
765,37i9dQZF1DX6KE9M7aTCxK,This Is NOFX
766,37i9dQZF1DXdJa941ExayM,Punk Unleashed
767,37i9dQZF1DX3LDIBRoaCDQ,Classic Punk
768,37i9dQZF1DXa9wYJr1oMFq,Pop Punk Powerhouses
769,37i9dQZF1DX3MU5XUozve7,Skatepark Punks
770,37i9dQZF1DX7WJ4yDmRK8R,The Essential Ska
771,37i9dQZF1DX0KpeLFwA3tO,New Punk Tracks
772,37i9dQZF1DX3YlUroplxjF,Crash Course
773,37i9dQZF1DXd6tJtr4qeot,Punk Essentials
774,37i9dQZF1DX1zG0qRnyaQ3,Political Punks
775,37i9dQZF1DXb2cYklA89lm,Hot Rods & Horror Shows
776,37i9dQZF1DXaDzsRodF91I,Covered In Punk
777,37i9dQZF1DXcBkxDaAQX0a,Punk Unplugged
778,37i9dQZF1DXbMYUPb05hjJ,Garage Rock Revival
779,37i9dQZF1DX3Gj7nguS95W,Is it New Wave?
780,6Hyc4LOiiaeFdDXQAVa1R6,Wanderlust
781,37i9dQZF1DWZC2yew0xGiz,Film & TV Favorites
782,37i9dQZF1DWWcdoD971JiK,Art of Fugue
783,37i9dQZF1DXabrEiRjQMgs,Classical Dance Music: Ballet & Beyond
784,37i9dQZF1DX2i24iHGhL24,Single. + Loving it.
785,35HteeTTB5NE0hsliZ77H1,The Life Eclectic
786,2zlFpwRI7aroWy0ecv6O34,Evening Serenades
787,2idQpnxeioGlOsW66uaQ3U,Flex & Flow
788,1oDFttzXiLUJLjMyulUugY,Workday – Zen
789,26AgqJwDHB7p2SKJFHrtte,Keep it Low Key
790,37i9dQZF1DWUH2AzNQzWua,Acoustic Hits: Oldies but Goodies
791,0Tn4EK4iKI58XnvWHuMMm0,Classical Café
792,37i9dQZF1DWXBq4mDDFnfA,Classical Guitar 50: Spotify Picks
793,5H22bACwDGRsIQQyE9oy3I,The Grove
794,1Htq6RhM8B9MgMXdwqgPxW,Fresh Jazz | The New Vanguard
795,6jbGdICAmvGjlURC1gcgRe,Get Lifted
796,37i9dQZF1DXc6Umi4GHdr1,Soft Focus
797,37i9dQZF1DXa19sXUAHiO1,Good Times: Great Oldies
798,6juf9A1KL8naPZFa2YngsM,Jazz on the Rocks
799,5cdRxEiQmawJaraYYEF7Di,#SundayFunday
800,2dWfCGZguakRQagX7wM6Mi,#FlashbackFriday
801,0kVaFpvoi0O4IbyJyEZckU,Amped up.
802,5ahhg3aywppGeJs8tXvZOo,The New Standards
803,2udwObkzQEPQWbUi95SzGM,Up & Out
804,37i9dQZF1DXaiAJKcabR16,Acoustic Grit
805,3vnx7BaCl3YmHrg3WGLedp,Take it Easy
806,37i9dQZF1DX4jUyNIMkj6N,Nordic Folk
807,5XyoROE7WrTHtvcwFrhzO1,Britfolk
808,7iJKTAmd5aP1opVYLB3XJ4,Morning Rituals
809,5sty33UvgJZzeyfocoOaUV,#MakeitHappen
810,5LtwydYUv9Um4D2toY3Wzh,Singing in the Shower...
811,37i9dQZF1DWUDoJcM4v6Tm,Indie Acoustic Chill
812,6zcjhNUkQ6taQK9hxhweCj,Vintage Blues Folk
813,0aXP5u51kHZiKvxkUPq0IL,Indie Ballads
814,25zEHXJzEQZU1eyF6eqEzD,Barista Blend
815,37i9dQZF1DWU0ScTcjJBdj,Relax & Unwind
816,37i9dQZF1DWWMOmoXKqHTD,Songs to Sing in the Car
817,37i9dQZF1DXa2PsvJSPnPf,Front Porch
818,37i9dQZF1DX7tfbjVrTPnV,Americana Icons
819,37i9dQZF1DWSlw12ofHcMM,Swagger
820,5baU2nNxC8ag8XzlHNsANg,Bring Back the 2000s
821,0ByLkBLDx1AS5yXJuBTyCd,World Folk
822,37i9dQZF1DXbgPVq1ydgmS,Alone on Christmas
823,37i9dQZF1DWWTA1Ie7iu8r,"Creepy, Stupid, Love"
824,37i9dQZF1DX9GxQjEBVviW,Doo-Wop Dee Doo
825,37i9dQZF1DX84kJlLdo9vT,Happy Days
826,6OeIIMFsdtsL9VUyL6PDvX,Indie One Stop
827,37i9dQZF1DX6ziVCJnEm59,Your Favorite Coffeehouse
828,37i9dQZF1DX4pAtJteyweQ,Valentine's Day Love
829,4qstWgP2KMRSiTY3a1fF2R,Beat Down Your Morning
830,37i9dQZF1DWZYWNM3NfvzJ,Pumping Iron
831,37i9dQZF1DWWGFQLoP9qlv,Legendary
832,2EcSH9oZNzBmGDNqoTdvBJ,Wicked Wives Wine Party 
833,37i9dQZF1DWT1R6bXL4dyW,The Perfect Italian Dinner
834,37i9dQZF1DX5NXVhu59GCz,Acid Blues
835,37i9dQZF1DWX1UA045EoPG,Summer Heat
836,37i9dQZF1DX0uqkwkR49kK,Prog Rock Monsters
837,37i9dQZF1DX0aSJooo0zWR,Fusion Fest
838,2Rah43YvyO765e4gACIDef,#Hotmess
839,37i9dQZF1DWVl5gPCRkquk,Chill as Folk
840,37i9dQZF1DX9crXQ0wuuXE,Roots Revival
841,5bjjHyKeiGnYdupfr3UUCW,Ultimate Live Jams
842,37i9dQZF1DWXmUJqjFaQNQ,Short Stories
843,37i9dQZF1DX1L0MDB1OhZy,Audiobooks
844,37i9dQZF1DX3sMl692aSSY,Editor's Choice: Nonfiction
845,37i9dQZF1DX4jokLVYoXC3,Editor's Choice: Fiction
846,37i9dQZF1DX1pKjqvkDHkD,Margaret Walker
847,37i9dQZF1DX451eXIMllLB,Poems for Spring
848,37i9dQZF1DX1DnmMwIpYQk,A Hipster's Guide to Poetry
849,37i9dQZF1DX1C9bnJXVI4K,A Child's Garden of Verses
850,37i9dQZF1DX7ufqCXkhnSb,La poésie française
851,37i9dQZF1DWSZQ5nlFnjFF,Emily Dickinson
852,37i9dQZF1DXe8ssiX0naPV,Love Poems
853,37i9dQZF1DWX5a9hO78SUQ,Shakespeare: The Poetry
854,37i9dQZF1DWZFQPyPt2dUz,The Selected W. B. Yeats
855,37i9dQZF1DX3OlXSlU6epG,The Robert Frost Reading Room
856,37i9dQZF1DWSTOUZR8UoNY,Readings from Dylan Thomas
857,37i9dQZF1DX7R9e00hBCQT,This Is Langston Hughes
858,37i9dQZF1DWZDPloxGJ3JZ,The Romantics
859,37i9dQZF1DWWfysDOTP12D,Poetry: In Their Own Voices
860,37i9dQZF1DXaUR9QvMCPsb,The Beats
861,37i9dQZF1DX2G2VrXHSPQG,Sylvia Plath
862,37i9dQZF1DWU73wUKShGqj,Edna St. Vincent Millay
863,37i9dQZF1DX26cFbtLr0Wn,Modern Poetry
864,37i9dQZF1DWZxkZk4wnQ5T,The Victorians
865,37i9dQZF1DXaIjTCDpbgLL,Action & Adventure
866,37i9dQZF1DWY3FN0WeKCeB,The Adventures of Sherlock Holmes
867,37i9dQZF1DX8uVDy7wwKj9,The Brontës
868,37i9dQZF1DX3pCvCNjYFEt,Charles Dickens' Classics
869,37i9dQZF1DXdOlMB0hApiu,The Selected D. H. Lawrence
870,37i9dQZF1DWVezbGpUvpz7,The Essential Edgar Allan Poe
871,37i9dQZF1DWWhtNzColB0d,French Literature
872,37i9dQZF1DWTKyGuxpLg8Z,Blake’s 7: The Audio Series
873,37i9dQZF1DX7QXVqVJ8y93,The H. P. Lovecraft Compendium
874,37i9dQZF1DWV1duDvis8iF,Irish Lit
875,37i9dQZF1DWWC5ySVGqQA1,Jane Austen
876,37i9dQZF1DX8pbyATDkUwW,La littérature française
877,37i9dQZF1DWZ8QVh1ew4PD,Vintage Radio Dramas
878,37i9dQZF1DWVMdJ6HSmTWs,Mythologies
879,37i9dQZF1DXddisSfoYY5n,Radio Crime Dramas
880,37i9dQZF1DXd6ydjpSDa3z,Russian Lit
881,37i9dQZF1DX0RGhgSIsFBm,Scary Stories
882,37i9dQZF1DWVeoTQF8RBFh,Science Fiction
883,37i9dQZF1DXb0DT3bG5Uc1,Sci-Fi Radio Dramas
884,37i9dQZF1DX7ZEwRWHSfUr,Shakespeare: The Comedies
885,37i9dQZF1DXbozqSbDnSno,Shakespeare: The Histories
886,37i9dQZF1DX5lw1wrxWyPu,Shakespeare: The Tragedies
887,5TQKebIP2y3YGxoklr72aV,Stories for your Inner Child
888,37i9dQZF1DX5nERjWj1zmg,Women's Lit
889,37i9dQZF1DXc6li3e9oatQ,Learn Spanish
890,37i9dQZF1DX0IquWoRS2Rk,How to Write...
891,37i9dQZF1DXameWHxm60IU,The Lectures of Joseph Campbell
892,37i9dQZF1DX1uHtdQ6c5H9,Music Lessons with Pete Seeger
893,37i9dQZF1DWUPAFOWtSz6P,Yoga Acoustics
894,01WIu4Rst0xeZnTunWxUL7,Beyond the Music
895,37i9dQZF1DXbuvjwsGcSq1,Classical Music Explained: Bernstein's Music Lectures & More
896,37i9dQZF1DX3HTCmWbhewZ,Irish Studies
897,37i9dQZF1DX1QCg8MO15wF,Learn Swedish
898,37i9dQZF1DWTJSgpZmw7H2,Learn French
899,37i9dQZF1DWVrSKB2Pc3PY,Learn German
900,37i9dQZF1DWW6K9D6JN1rY,Learn Irish
901,37i9dQZF1DX0yHwYvqyUJQ,Learn Italian
902,37i9dQZF1DX2SgxzTVd6bU,Learn Portuguese
903,37i9dQZF1DX60lVXkfYly8,Learn Chinese
904,37i9dQZF1DWSsCx004HXRd,Learn Russian
905,37i9dQZF1DX5cO1uP1XC1g,Yalla يلا
906,37i9dQZF1DX8d1cgbQqKFy,A Noam Chomsky Chronology
907,37i9dQZF1DX6dCTsdzLHOw,Fright Fest
908,37i9dQZF1DWWTuLtC3XxmA,Contemporary Christmas
909,37i9dQZF1DX2uk5oHRWimT,Acoustic Christmas
910,37i9dQZF1DWVzrEOEOM5Qu,Christmas Stories
911,37i9dQZF1DWUFmx4qlvh2f,Home for the Holidays
912,7a80QjnKAMnZu5Lx50INeh,FriendsGiving
913,37i9dQZF1DX6afkUGYYDyK,Give Thanks
914,37i9dQZF1DWVxpHBekDUXK,Coping With Loss
915,37i9dQZF1DX9LT7r8qPxfa,Deep Dark Sad Songs
916,37i9dQZF1DX6Oqe1LC2A2s,Next Classical
917,37i9dQZF1DWYZW76Iw4Lij,Medieval 50: Spotify Picks
918,37i9dQZF1DX8ONeLSIu0Ai,Modernism 50: Spotify Picks
919,37i9dQZF1DX6lFrpdIb4I8,Avant-garde 50: Spotify Picks
920,37i9dQZF1DX8GBmCO89g8U,Electroacoustic 50: Spotify Picks
921,37i9dQZF1DX1FuwERxHNIM,Classical Feast
922,37i9dQZF1DX5kUFcXez8kt,Classical Intimate Dinner
923,37i9dQZF1DXcbK8HZQNxAq,Indie Classical: Composed In 21st Century
924,37i9dQZF1DX5hL1aT2vhMb,Women of Classical
925,37i9dQZF1DX10uaP8FoDNe,Minimalism
926,37i9dQZF1DX5AviTMPF0km,Contemporary Chinese Classical
927,37i9dQZF1DWV7cvDzE3MOI,This Is Chopin
928,1M2abQkxCwrLjzLGgKWnDP,Bellini's Opera
929,37i9dQZF1DWSXyN2w7ILMl,Peaceful Choral Music by Living Composers
930,37i9dQZF1DX0CM2xT3aAkN,Essence of the Renaissance
931,37i9dQZF1DX8qDhzfjyTN6,Romantic Era 50: Spotify Picks
932,37i9dQZF1DX2FJ4E5eMYdk,Psych & Groove
933,37i9dQZF1DWUKPeBypcpcP,Nature Noise
934,37i9dQZF1DWXzR2GKEiHgT,The Sleep Machine: Waterscapes
935,37i9dQZF1DWUZ5bk6qqDSy,White Noise
936,37i9dQZF1DX5AuRugisweW,Crossroad Blues
937,3kt5kS8Xqjfh8olOS24HX4,"Red, White, & Blue"
938,37i9dQZF1DX2cW2nLJVrZg,Oscars®
939,4sEKPcBYLcW3woDviiaigj,50 Songs for Snow
940,37i9dQZF1DWSCaDvxADWZT,Happy St. Patrick's Day
941,3KP0xIq8NrTP7BV2YhpHT5,It's a Boy!
942,37i9dQZF1DX5FyxM4IcLn6,The GRAMMYs Official Playlist
943,52rJQYDn9Q5dufvGPqqzgf,It's a Girl!
944,5pxi1UkDk0BbUPDTPjmi4v,Graduation
945,37i9dQZF1DX9aVADS5TZr5,Rock Your Rights
946,4se8FxjaBGTHCTXIPoJlc0,Music Happens Here: The Music
947,37i9dQZF1DX2Nc3B70tvx0,Ultimate Indie
948,1517hhPIVwA9EN41krpZo3,Best of 2016: Ultimate Indie
949,37i9dQZF1DX6CwQbybVjjk,SXSW Best Indie
950,37i9dQZF1DXaSQZr9c1SpZ,This Is Bon Iver
951,37i9dQZF1DX7FW3TjTduV4,This Is: Dirty Projectors
952,37i9dQZF1DX79Q60SopbIW,This Is The Flaming Lips
953,37i9dQZF1DX3Y4Bt8VdicW,This Is Father John Misty
954,37i9dQZF1DX1rUeB7HjgUL,This Is Arcade Fire
955,37i9dQZF1DWZyp9KgPL31Y,This Is The Shins
956,37i9dQZF1DX4jsulumEbDn,This Is LCD Soundsystem
957,37i9dQZF1DWUbOQi4OiTx4,This Is Portugal. The Man
958,37i9dQZF1DWZkGQGk1ZjrI,This Is Elliott Smith
959,37i9dQZF1DXe8E8oqpmTDI,This Is Mac DeMarco
960,37i9dQZF1DWWGeEU3DbvDJ,2019 Billboard Music Awards
961,37i9dQZF1DX4MdGfYdhVoI,Best of Spotify (So Far)
962,37i9dQZF1DX2WbHvYAWKAq,Tabletop Day
963,37i9dQZF1DX7v78LmsIZOJ,Superman
964,37i9dQZF1DX1H7tkX0qqtF,Batman
965,37i9dQZF1DWY58YgA8d6HG,Ultimate Performances
966,37i9dQZF1DX76V4s7Zffmt,This Is: Animal Collective
967,37i9dQZF1DX2oU49YwtXI2,This Is Beyoncé
968,37i9dQZF1DXaQm3ZVg9Z2X,This Is Coldplay
969,37i9dQZF1DWTTthpScXd3v,This Is David Bowie
970,37i9dQZF1DWWpCjltOl2fU,EODM Play it Forward Campaign
971,37i9dQZF1DX0ZzMQgXnSUD,Best of Bond
972,37i9dQZF1DWXXji4ucB51M,MTV VMAs
973,37i9dQZF1DX1nsfmnIDVAJ,Best of Hamilton
974,0tdTsuJmnf6cRE22DMcgIq,The 2016 AMAs
975,37i9dQZF1DWXIPSKePHmRn,This Is Sharon Jones
976,6GZ9F4MZpPdHJEwhq3kHKG,Classic Soul With Seth Rogen
977,37i9dQZF1DXdEH86O6asrX,Sin Spoilers
978,37i9dQZF1DX3hyG3DxhDXT,Movember
979,2FmMinHNFfX3Apt34AwEqc,Top Gaming Tracks: One Year Together
980,37i9dQZF1DXaUaRhCgtpCo,Best of Star Wars
981,37i9dQZF1DWWF3yivn1m3D,This Is: Hans Zimmer
982,5s7Sp5OZsw981I2OkQmyrz,Rage Quit
983,4DeuzrNUZEARp8lTixcoG3,Like A (Final) Boss
984,0NKCe5F0ORuDO4sPmqhvcQ,Moving Castle Weekly
985,4A01B3wh6uv7yOpzYdVLR3,TeamSupreme Selects
986,37i9dQZF1DX43v1NFXUzji,Latin Urban Gaming
987,37i9dQZF1DX3YGn6btf5lC,Nerding Around
988,37i9dQZF1DWTyiBJ6yEqeu,Top Gaming Tracks
989,37i9dQZF1DXdfOcg1fm0VG,Gaming Anthems
990,37i9dQZF1DWXpOtMyVOt4Q,Soundscapes For Gaming
991,37i9dQZF1DX8GjsySWIS1x,Epic Gaming
992,37i9dQZF1DWYnY33e7En9e,Retro Gaming
993,37i9dQZF1DX6taq20FeuKj,Power Gaming
994,37i9dQZF1DX4geSlFB9288,Indie Gaming
995,37i9dQZF1DWT5MrZnPU1zD,Hip Hop Controller
996,37i9dQZF1DWYRNXjFoiid2,Ultimate Pop Gaming
997,4drXxn0GpOXXG6Rp5RvXca,Bread & Dub
998,37i9dQZF1DWTR6lD3pmkqP,Nu-Jazz Concentration
999,070FVPBKvfu6M5tf4I9rt2,The Blues Skies
1000,37i9dQZF1DX9pQ3JDTosFG,The Blues Kitchen
1001,37i9dQZF1DX9FIMhEujaK6,Ibiza Sunset
1002,37i9dQZF1DWVQLL1sym9rG,Carefree Days
1003,37i9dQZF1DX4fpCWaHOned,Confidence Boost
1004,37i9dQZF1DX1WSnLRtI26o,Happy Drive
1005,37i9dQZF1DWSP55jZj2ES3,Day Party!
1006,37i9dQZF1DX3sXSrrk1ytC,Energizing Classics
1007,37i9dQZF1DWYBO1MoTDhZI,Good Vibes
1008,37i9dQZF1DX8CwbNGNKurt,Throwback Workout
1009,37i9dQZF1DWWzVPEmatsUB,Mellow Morning
1010,37i9dQZF1DWUACcBjzMiIY,Mellow Drive
1011,37i9dQZF1DWTQwRw56TKNc,Mellow Classics
1012,37i9dQZF1DX8ky12eWIvcW,Throwback Jams
1013,37i9dQZF1DX5IDTimEWoTd,Warm Fuzzy Feeling
1014,37i9dQZF1DXca8AyWK6Y7g,Young & Free
1015,37i9dQZF1DX3Ogo9pFvBkY,Ambient Relaxation
1016,37i9dQZF1DX6T5dWVv97mp,Productive Morning
1017,37i9dQZF1DX7gIoKXt0gmx,All The Feels
1018,37i9dQZF1DWWjMxr3sDMnu,Get Your Body Right
1019,37i9dQZF1DXea2M7iVhM3V,Killing It
1020,37i9dQZF1DXdC0T9uTn4EC,Epic Uplifting Sunrise
1021,37i9dQZF1DX26DKvjp0s9M,Essential Indie
1022,37i9dQZF1DWXsTPi6XhWl6,"I'm Wide Awake, It's Morning"
1023,37i9dQZF1DXcgZcN2HVMoe,Sleepy Morning Coffee
1024,37i9dQZF1DWXuo8qy83ZVW,Inspiration to Run
1025,37i9dQZF1DWTKvj58xnNNG,No School!
1026,37i9dQZF1DXd0kt8hxcGlr,Summer Sunshine
1027,37i9dQZF1DX1r5OrG7nJwS,No School No Worries
1028,37i9dQZF1DWSIDZ90IzKHI,Summer Break Forever
1029,37i9dQZF1DX9Y638BC3Pv9,Just Chill
1030,37i9dQZF1DWZeKCadgRdKQ,Deep Focus
1031,37i9dQZF1DX2sUQwD7tbmL,Feel-Good Indie Rock
1032,37i9dQZF1DX9XIFQuFvzM4,Feelin' Good
1033,37i9dQZF1DXci7j0DJQgGp,Hanging Out and Relaxing
1034,37i9dQZF1DX7KNKjOK0o75,Have a Great Day!
1035,37i9dQZF1DX30HHrCAl4ZG,Underground Hits
1036,37i9dQZF1DWWEcRhUVtL8n,Indie Pop
1037,37i9dQZF1DXdbXrPNafg9d,All New Indie
1038,37i9dQZF1DX9myttyycIxA,undercurrents
1039,37i9dQZF1DX2MyUCsl25eb,Morning Commute
1040,37i9dQZF1DX3bSdu6sAEDF,Evening Commute
1041,37i9dQZF1DXbIGqYf7WDxP,Pop Chillout
1042,37i9dQZF1DWXe9gFZP0gtP,Stress Relief
1043,37i9dQZF1DX5Ozry5U6G0d,Summer Party
1044,37i9dQZF1DWT7XSlwvR1ar,Totally Stress Free
1045,37i9dQZF1DWTLSN7iG21yC,Workday: Pop
1046,37i9dQZF1DX4TnpT6vw5rE,Atmospheric Calm
1047,37i9dQZF1DX55vgfGaIdlF,After Party//Come Down
1048,37i9dQZF1DX83I5je4W4rP,Beach Vibes
1049,37i9dQZF1DX5bjCEbRU4SJ,Calm Down
1050,37i9dQZF1DX6K3W8KBiALe,Classical Moments in Movies
1051,37i9dQZF1DWYcDQ1hSjOpY,Deep Sleep
1052,37i9dQZF1DX4qDBKVkVBgN,Happy To Be Home
1053,37i9dQZF1DX9B1hu73DioC,Indie Chillout
1054,37i9dQZF1DXaRL7xbcDl7X,Indie Workout
1055,37i9dQZF1DXa1rZf8gLhyz,Jazz for Sleep
1056,37i9dQZF1DWVu0D7Y8cYcs,Just Smile
1057,37i9dQZF1DX6tTW0xDxScH,Lazy Weekend
1058,37i9dQZF1DXdQvOLqzNHSW,Late Night Vibes
1059,37i9dQZF1DX4kJGZhtnOIh,Mellow Dinner
1060,37i9dQZF1DX0x36cwEyOTG,Peaceful Indie Ambient
1061,37i9dQZF1DX6Rl8uES4jYu,Ready for the Day
1062,37i9dQZF1DWY8GmMJbmnsS,Timeless Soul Ballads
1063,37i9dQZF1DWSTeI2WWFaia,Spilled Ink
1064,37i9dQZF1DX6xZZEgC9Ubl,Tear Drop
1065,37i9dQZF1DWSkkUxEhrBdF,Reggae Infusions
1066,37i9dQZF1DWSYI3OtMNMsT,A Quiet Christmas
1067,37i9dQZF1DXdl8xYyG9Dm1,No Wahala
1068,37i9dQZF1DX889U0CL85jj,Chill Vibes
1069,37i9dQZF1DWXzfvGFNJz6s,Dive Bar Essentials
1070,37i9dQZF1DX9udeSemCofA,Heavy Dub
1071,37i9dQZF1DWZ3XJgjLpPDW,Indie Rock Cleanup
1072,37i9dQZF1DWUoqEG4WY6ce,Indie Rock Road Trip
1073,5McngUiuALFIS4VVF4oko5,It Only Takes Two
1074,37i9dQZF1DX3qCx5yEZkcJ,Mellow Beats
1075,37i9dQZF1DX8gDIpdqp1XJ,Modern Psychedelia
1076,37i9dQZF1DX1fmyMdW2PaL,Complete Chaos
1077,37i9dQZF1DX0IlCGIUGBsA,Ultimate Party Classics
1078,37i9dQZF1DX44AF5xq04Oh,Reggae BBQ
1079,37i9dQZF1DXcTieYAg7jq1,Retro Pop
1080,37i9dQZF1DWWOGXILUAh53,Skipping School
1081,37i9dQZF1DX98f0uoU1Pcs,Garage Jams
1082,37i9dQZF1DXauOWFg72pbl,Beer & Wings
1083,37i9dQZF1DXdTCdwCKzXwo,Early Alternative
1084,37i9dQZF1DX09NvEVpeM77,Born in the USA
1085,37i9dQZF1DWZMxqlsEB7BT,Chips and Salsa
1086,37i9dQZF1DX1MUPbVKMgJE,Disco Forever
1087,37i9dQZF1DX8XxBtyUnC7B,Souvenirs
1088,37i9dQZF1DWZgauS5j6pMv,Funk Evolution
1089,37i9dQZF1DX23YPJntYMnh,Funk Rock
1090,37i9dQZF1DX4pUKG1kS0Ac,Guilty Pleasures
1091,2lOMjzyPMlcIvcaWlaF6MB,Historic Venue: Ryman Auditorium
1092,37i9dQZF1DX4esiqDZ1sjJ,Jock Jams
1093,37i9dQZF1DXdBtoy268thT,Musical Comedy
1094,37i9dQZF1DXcCnTAt8CfNe,Musical Therapy
1095,37i9dQZF1DWXS0qyx76B7l,NYC Strong
1096,37i9dQZF1DX5W4wuxak2hE,Power Pop
1097,37i9dQZF1DXbSbnqxMTGx9,Reggae Classics
1098,37i9dQZF1DX3oM43CtKnRV,00s Rock Anthems
1099,37i9dQZF1DXcYHsRTcIw5a,Rocksteady
1100,37i9dQZF1DX1WWRAxBsY0Y,Stoner Tracks For Everyone
1101,2JskSjr3Rl0LAv05L0hjV4,Vocal Acrobats
1102,37i9dQZF1DX8OVycSP3AXz,Salut les yéyés
1103,37i9dQZF1DX1uusaBwROuk,Anti-Valentine's Day
1104,37i9dQZF1DX1YMPNuWL6BX,New Years 2019
1105,37i9dQZF1DX8S9gwdi7dev,Halloween Party
1106,37i9dQZF1DX0HWhBzpBj05,Happy Holidays
1107,0TmNZR8QmL60k1gWWa37fg,Macy's Thanksgiving Day Parade 2013
1108,37i9dQZF1DWVLVzn60NyuA,Mardi Gras Party
1109,37i9dQZF1DXbLsFIeybF20,New Orleans Brass
1110,37i9dQZF1DXdxTsNp0Bzwq,Gameday
1111,37i9dQZF1DWZdR4jCxPMWU,Get Ready For Baseball
1112,37i9dQZF1DWViXqZVTGO3Z,Christian Christmas
1113,37i9dQZF1DXc4BD3pzYdKY,The Flow
1114,37i9dQZF1DX7Bi6W3YuUlA,Blessings
1115,37i9dQZF1DXcb6CQIjdqKy,Top Christian
1116,2d96NZvM6U7G14LDQdNfwS,Austin Sounds
1117,1MXbpQ8OiNsYtQxiXexPJ7,Sunset in Austin
1118,37i9dQZF1DX2jD2cAwnIit,This Is Katy Perry
1119,37i9dQZF1DX7wecgiVCMdD,The Big Game
1120,37i9dQZF1DWWNQEmXRHxVe,Halftime Hits
1121,37i9dQZF1DX1WIbwSgRMO3,Spotify Sessions - Rock
1122,37i9dQZF1DX3qk5khmafw8,Spotify Sessions - Pop
1123,37i9dQZF1DWXTcPFeNCMUP,Ultimate Pump Up
1124,37i9dQZF1DXa2HpTqP3clz,Grass Roots
1125,37i9dQZF1DXbvABJXBIyiY,Rainy Day
1126,37i9dQZF1DX2pSTOxoPbx9,Dark & Stormy
1127,37i9dQZF1DWSoTL04mwiZp,Mother's Day Love
1128,6Sz7KT9MhChZuAJDKEWiLF,Kanye To The
1129,3sJ6SlgRo56Oa7YhHcLK5l,Found Them First
1130,37i9dQZF1DX3JLmmala1kX,AMA Winners 2014
1131,2FjbiwWYHqEifO3VY5LYP8,New Year's 2015
1132,37i9dQZF1DXbZ55Ax8F2GW,Morning Boost
1133,37i9dQZF1DX3HHskiFSgKu,Mustard On The Beats
1134,3uDgik1xOhjYVsXucW7GEb,A Bite Out Of The Afternoon
1135,1Bxi8UJlVM7tLYDMOqsYYF,Girls Night Out
1136,7wiCMbRM2F6PQYGLwnJ7GJ,Power Hour
1137,3Nh594yQ7PkhEPzUUAKlnH,Let Loose
1138,3L1KIXcFcHhfeMlf7pD7IB,Foam Party
1139,6wz9sFJRqsmu7ldv0xJOIz,An Epic Evening
1140,08vPKM3pmoyF6crB2EtASQ,Falling In Love
1141,37i9dQZF1DXdfjr8o5AMIT,Dorm Daze
1142,37i9dQZF1DX1BGjF5N5O7F,Sexy as Folk
1143,37i9dQZF1DWTHNhOtzzDEc,Real and True
1144,37i9dQZF1DXbQ1kpdsa9FU,Everyday Inspiration
1145,68oeNrImf1nxjL0RbpZkij,Early Morning Rise
1146,37i9dQZF1DX58UlVHNJFai,Ill Lyricist
1147,37i9dQZF1DX4oW8z0Z0nKv,The Other Side of Hip-Hop
1148,37i9dQZF1DWYfVy6zzMSPv,Clinically Cold
1149,5qVqzAenJiKLfRny06XQf0,Backstage
1150,1RKtKRcejWjN6ZOkghImIV,Bullet for Hell
1151,37i9dQZF1DX9NmDLwNQnXE,A Sudden Rainstorm
1152,37i9dQZF1DWSOkubnsDCSS,Grime Shutdown
1153,37i9dQZF1DWVTbhS8F9zAN,Valentine's Day Love Notes
1154,4C0S1zvtcMtk2notLxCL1J,Grand Hustle Gang Spotify Picks
1155,2nZndNnauO6SID8cjf4C9F,MMG Spotify Picks
1156,3hR94iGaotWbCFv5eDe0gZ,Shady Records Spotify Picks
1157,5VvCwhF9WqXKUaJLtJfeXn,Taylor Gang Spotify Picks
1158,37i9dQZF1DX3rTk9UUrbYS,Avant-Jazz
1159,37i9dQZF1DX3bH0P2uDnWA,Electro Swing
1160,37i9dQZF1DWXHghfFFOaS6,Acid Jazz
1161,37i9dQZF1DWYotlhbgVGaH,Swing Revival
1162,37i9dQZF1DX6KyCRJzZneq,Let There Be Bop
1163,37i9dQZF1DWWtGE7PB0aRR,Brit Blues
1164,37i9dQZF1DWSTHVqvNCwNq,Delta Blues
1165,37i9dQZF1DX4rGCw5bMNp1,Chicago Blues
1166,37i9dQZF1DX7nt6DdNdydo,Jump Blues
1167,37i9dQZF1DXeaMD6NdSui3,Lone Star Blues
1168,37i9dQZF1DXdeoRwG5yUKg,Blue Ballads
1169,37i9dQZF1DWT1RLff7HxDm,Live & Loud
1170,37i9dQZF1DXdfhOsjRMISB,Country Drive
1171,37i9dQZF1DXd9dy0tcoQft,Soul Food
1172,37i9dQZF1DWWV61udnjooo,Blue Ride
1173,54LbSpjd64NjKPUyYAGkNU,Hours of Ours
1174,37i9dQZF1DX0ZgPbUQ205W,Muted Jazz
1175,37i9dQZF1DWTEbYi1zYy0Z,Smooth Drive
1176,37i9dQZF1DWVs0HkSq6JzH,'Round Midnight
1177,37i9dQZF1DXdZp8JqM48aW,"Beer, Bars & Beyond"
1178,37i9dQZF1DWUgBy0IJPlHq,Back Porch
1179,37i9dQZF1DX5iKSDtVcf7Q,Heartland Country
1180,37i9dQZF1DXbKN9MxFEDbp,Country Sunrise
1181,37i9dQZF1DX0JrJGmZFphT,Southern Breakfast
1182,4p3lupatTubTWpTgCZjgpk,Walk a Country Mile
1183,6tLfPD2P9syvBV8rgO2Yq1,Honeysuckle Lazy
1184,3FfBohQXFlgFnYubzrvoq4,On to Something Good
1185,37i9dQZF1DXbelAjoiEn9f,Hometown Holiday
1186,37i9dQZF1DXdgnLr18vPvu,Tailgate Party
1187,37i9dQZF1DX0MuOvUqmxDz,Country Christmas
1188,37i9dQZF1DX2iUghHXGIjj,Acoustic Blues
1189,37i9dQZF1DXcLDm348RRYK,Acoustic Concentration
1190,37i9dQZF1DX4WgZiuR77Ef,All Funked Up
1191,1S4JPQeJxtsN37X8as5EPk,Back to the Roots
1192,37i9dQZF1DX4YLk1hHv7S9,Backyard Wedding
1193,37i9dQZF1DX6G7arXBXa3A,Big Band
1194,7CHrwiytyubNpnaZqyyUkb,Beer 'n Burgers
1195,4LmOnbOmtMUyQQjo6L9mct,Bossa Nova
1196,37i9dQZF1DX0N8QTiMHLoT,Bottoms Up
1197,37i9dQZF1DWVqfgj8NZEp1,Coffee Table Jazz
1198,37i9dQZF1DXdDe8IDhRIo5,Gypsy Swing
1199,37i9dQZF1DXaX7xgI3f7y8,Evening Groove
1200,37i9dQZF1DXb3MZdETGqKB,Nu-Blue
1201,37i9dQZF1DWTlzJXLRpd4a,From a Smokey Bar 
1202,37i9dQZF1DX9stbPFTxeaB,"Funky, Heavy, Bluesy"
1203,37i9dQZF1DX1X7WV84927n,Hard Rock
1204,37i9dQZF1DXdOEFt9ZX0dh,Classic Rock Drive
1205,37i9dQZF1DXbkKnGZHv1kf,Blues Origins
1206,37i9dQZF1DX8f5qTGj8FYl,Instrumental Funk
1207,37i9dQZF1DX7UE7qrnkvsf,Jazz for Autumn
1208,37i9dQZF1DWTALrdBtcXjw,Jazzy Dinner
1209,37i9dQZF1DWTbzY5gOVvKd,Jazzy Romance
1210,37i9dQZF1DX55dNU0PWnO5,Jazztronica
1211,653U7cDBXXkPZ07Xk8kxL6,King of Pop
1212,37i9dQZF1DWSlJG7YPUBHF,Legendary Guitar Solos
1213,37i9dQZF1DX0IbLOJtWiun,Rise of the Underdog
1214,37i9dQZF1DWYgA6FKKHSd6,Sax and the City
1215,37i9dQZF1DXcnkReojaCnV,In the Name of the Blues
1216,37i9dQZF1DX5Lf3LZ6Czqu,String Theory
1217,7hjaw2oDqkMS2uDk5vmzAu,The Jazz Escape
1218,6MtNKlWguIlTJ6Q7WAcDtU,Workday - Country
1219,3TurM2x1HaeNEztqBnomV6,Workday - Singer-songwriter
1220,37i9dQZF1DX68H8ZujdnN7,’80s Hard Rock
1221,5rqcJUB5ox8BK3L3Ki7gfF,Tunigo Live
1222,37i9dQZEVXbLnolsZ8PSNw,United Kingdom Top 50
1223,37i9dQZEVXbL3J0k32lWnN,Denmark Top 50
1224,37i9dQZEVXbNFJfN1Vw8d9,Spain Top 50
1225,37i9dQZEVXbMxcczTSoGwZ,Finland Top 50
1226,37i9dQZEVXbIPWwFssbupI,France Top 50
1227,37i9dQZEVXbKCF6dqVpDkS,Netherlands Top 50
1228,37i9dQZEVXbJvfa0Yxg7E7,Norway Top 50
1229,37i9dQZEVXbLoATJ81JYXz,Sweden Top 50
1230,37i9dQZEVXbLRQDuF5jeBp,United States Top 50
1231,37i9dQZEVXbKNHh6NIXu36,Austria Top 50
1232,37i9dQZEVXbJiyhoAPEfMK,Switzerland Top 50
1233,37i9dQZEVXbJNSeeHswcKB,Belgium Top 50
1234,37i9dQZEVXbJiZcmkrIHGU,Germany Top 50
1235,37i9dQZEVXbM8SIrkERIYl,New Zealand Top 50
1236,37i9dQZEVXbJPcfkRz0wJ0,Australia Top 50
1237,37i9dQZEVXbKM896FDX8L1,Ireland Top 50
1238,37i9dQZEVXbKGcyg6TFGx6,Luxembourg Top 50
1239,37i9dQZEVXbIQnj7RRhdSX,Italy Top 50
1240,37i9dQZEVXbN6itCcaL3Tt,Poland Top 50
1241,37i9dQZEVXbKyJS56d1pgi,Portugal Top 50
1242,37i9dQZEVXbLwpL8TjsxOG,Hong Kong Top 50
1243,37i9dQZEVXbJlfUljuZExa,Malaysia Top 50
1244,37i9dQZEVXbK4gjvS1FjPY,Singapore Top 50
1245,37i9dQZEVXbLesry2Qw2xS,Estonia Top 50
1246,37i9dQZEVXbKMzVsSGQ49S,Iceland Top 50
1247,37i9dQZEVXbMx56Rdq5lwc,Lithuania Top 50
1248,37i9dQZEVXbJWuzDrTxbKS,Latvia Top 50
1249,37i9dQZEVXbO3qyFxbkOE1,Mexico Top 50
1250,4lCv0oN3gPxoqvXmA3cDjS,Top Picks Toplists
1251,3xGWOQUB6jgHd4PLVQvbfG,Top Picks Pop
1252,0q2dbyUyAuUkW3ec6XRwJD,Top Picks Decades
1253,45mRKVQrL1pK9tbRp25yro,Top Picks Workout
1254,1EQVvrXxgoWdqUHni1LOgm,Top Picks Mood
1255,4ruhrP9ntTdDMpjrk22v9u,Top Picks Kids
1256,3jh9R9uXIoozPA0uccJt2C,Top Picks Classical
1257,5QZZbWjNVjynssxTuO3f0f,Top Picks Pop Culture
1258,2WIkzIBRwM9wRD9innJ8b7,Top Picks Party
1259,2b5yd7Ox7vb4OcPOOVYwFZ,Top Picks Chill
1260,6spPs4oxQEPSWXyXzqg8CR,Top Picks Urban
1261,285xVjuyHG2CusStdc8kCS,Top Picks Club
1262,7hx7ugiU2MaeXOjQRVDzdk,Top Picks Country
1263,2Mecjd64RGHE4vLDMuX88V,Top Picks Events
1264,38ZGEwSsiHoOEOu446h75W,Top Picks Groove
1265,5QOzTki17fEWKoUVcvTrI2,Top Picks Rock
1266,4tSzT9BRuf3qRJDbPz4SlS,Top Picks Romance
1267,5LrQkRUFFuKWAJCECd2X9y,Top Picks Jazz and Blues
1268,4NAi06Izmj4CPqmMuY1RsE,Top Picks Travel
1269,4uLnCAHJw65SyFXXmBSuc0,Top Picks holiday
1270,37i9dQZF1DXaxIqwkEGFEh,Off The Strength
1271,37i9dQZF1DX1adpUbAHocs,Scenic Drive
1272,37i9dQZF1DXdCsscAsbRNz,Peace
1273,37i9dQZF1DWZd79rJ6a7lp,Sleep
1274,37i9dQZF1DXbPHTEEyQ6Hv,Christmas Peaceful Piano
1275,7J8HlMdOq82WJAU6JmhR5d,A Soft Piano Christmas
1276,37i9dQZF1DX7K31D69s4M1,Piano in the Background
1277,37i9dQZF1DWTMYgB8TqtmR,Hits idag
1278,37i9dQZF1DX7ZUug1ANKRP,Main Stage
1279,37i9dQZF1DX0sQWfevMRw3,Det blir kaoz!
1280,37i9dQZF1DXbm6HfkbMtFZ,Feel Good Dinner
1281,37i9dQZF1DX5xiztvBdlUf,Truly Deeply House
1282,37i9dQZF1DX0Uv9tZ47pWo,Girls' Night
1283,37i9dQZF1DX05r4Oy3Ln97,Summer House!
1284,37i9dQZF1DWVf1Phr4ZVgO,An Elegant Affair
1285,37i9dQZF1DXcAiMO5AYxE8,Soulful Disco
1286,37i9dQZF1DWXb9I5xoXLjp,50 Shades of Love
1287,37i9dQZF1DX64zDfGvlEtl,50 Songs Unplugged
1288,37i9dQZF1DX9loJQLuEvap,50 Great Female Voices
1289,37i9dQZF1DWULEW2RfoSCi,35 Soul Classics 1970–1975
1290,37i9dQZF1DXbNxO0uJPyJ9,"12"" Classics"
1291,37i9dQZF1DX0nBLMN0XzSQ,After-Ski Classics
1292,37i9dQZF1DWSKtEVXBdAHi,After Work
1293,37i9dQZF1DX62qCiGEp1YH,Autumn Leaves
1294,37i9dQZF1DWTSPqolnbHgK,Autumn Lounge
1295,37i9dQZF1DX3b9hbbPi5hD,Best Tracks from Tarantino Films
1296,37i9dQZF1DXaVgr4Tx5kRF,"Britpop, Etc."
1297,37i9dQZF1DXbrUpGvoi3TS,Broken Heart
1298,37i9dQZF1DX8Sz1gsYZdwj,Classical Lullabies
1299,37i9dQZF1DX9wC1KY45plY,Classic Road Trip Songs
1300,37i9dQZF1DX0bspKxj0UKT,A Long Christmas Day
1301,37i9dQZF1DX6kz6Kli3wib,Dinner Lounge
1302,37i9dQZF1DX32oVqaQE8BM,Chill Out Music
1303,37i9dQZF1DWYWddJiPzbvb,Comfort Zone
1304,37i9dQZF1DWUI1rlvkdQnb,Cool Down
1305,37i9dQZF1DX4xuWVBs4FgJ,Dinner with Friends
1306,37i9dQZF1DWWQp0YMTvpD3,Downtempo Beats
1307,37i9dQZF1DWY8U6Zq7nvbE,Hot Acoustics
1308,37i9dQZF1DXdUnte9bTlLT,Folk Music At The Gaslight Café
1309,37i9dQZF1DWZIOAPKUdaKS,Focus Now
1310,37i9dQZF1DWX83CujKHHOn,Alone Again
1311,37i9dQZF1DX9nq0BqAtM4H,Halloween Teens
1312,37i9dQZF1DWUGsgkESc7qP,Hangover Friendly
1313,37i9dQZF1DXd7ukl5yRLE3,Winter is coming
1314,37i9dQZF1DWTtOKhkK5Mem,In The Arms Of A Woman
1315,37i9dQZF1DX9sIqqvKsjG8,Instrumental Study
1316,37i9dQZF1DX4roJ565TJ33,Svensk jazz
1317,37i9dQZF1DX5Ufz5ldo0J4,Keep Calm
1318,37i9dQZF1DX2FsCLsHeMrM,Kitchen Swagger
1319,37i9dQZF1DXc3FQfFV3K6V,Laidback Acoustic
1320,37i9dQZF1DX4wta20PHgwo,Late Night Jazz
1321,37i9dQZF1DXdL58DnQ4ZqM,Lazy Chill Afternoon
1322,37i9dQZF1DX3YSRoSdA634,Life Sucks
1323,37i9dQZF1DX5SrscLLafXx,Love In Paris
1324,37i9dQZF1DX82pCGH5USnM,Lounge - Soft House
1325,37i9dQZF1DXd1MXcE8WTXq,Summer Throwback
1326,37i9dQZF1DX1tuUiirhaT3,Meditate to the Sounds of Nature
1327,37i9dQZF1DXdxcBWuJkbcy,Motivation Mix
1328,37i9dQZF1DWYMvTygsLWlG,Love Ballads
1329,37i9dQZF1DXcsT4WKI8W8r,Music for a Workday
1330,37i9dQZF1DWVcV87ePAqAq,Fest!
1331,37i9dQZF1DX7CB1M7sBt21,Pepplåtar till träningspasset
1332,37i9dQZF1DWSluGMsH1R9r,Perfect Concentration
1333,37i9dQZF1DWVlLVXKTOAYa,Pop Right Now
1334,37i9dQZF1DX9BXb6GsGCLl,Powerwalk!
1335,37i9dQZF1DWSDoVybeQisg,Psychedelic Rock
1336,37i9dQZF1DWWRktbhJiuqL,Pure Rock & Roll
1337,37i9dQZF1DWZUTt0fNaCPB,Running to Rock 170-190 BPM
1338,37i9dQZF1DX0jgyAiPl8Af,Peaceful Guitar
1339,37i9dQZF1DX6FpuSJJgdDF,Smooth Morning
1340,37i9dQZF1DWSUFOo47GEsI,Sleep Tight
1341,37i9dQZF1DWSqmBTGDYngZ,Songs to Sing in the Shower
1342,37i9dQZF1DX4Q2SnB3glnP,SPA Treatment
1343,37i9dQZF1DXawcx4otNoU1,Spooning
1344,37i9dQZF1DWSSBwgXMlrMk,Sunday Stroll
1345,37i9dQZF1DX0ZFVMeJPr1Z,Svenska sommarklassiker
1346,37i9dQZF1DX4IkJGKNp9lO,Svensk punk
1347,37i9dQZF1DX6DtDmlyZ4X7,Pluggfokus
1348,37i9dQZF1DX2pto11EMGQc,The Bachelor Party!
1349,37i9dQZF1DX94QVAxB7Dum,The Black Power Mixtape 1967–1975
1350,37i9dQZF1DWZel4xa7wX1s,The New Waltz
1351,37i9dQZF1DX7F6T2n2fegs,Throwback Party
1352,37i9dQZF1DX4TXm6C4J2mM,Träning
1353,37i9dQZF1DXarlH9zHuV0v,Ultimate Halloween
1354,37i9dQZF1DXdsy92d7BLpC,Weekend Hangouts
1355,37i9dQZF1DWT5lkChsPmpy,Workday Lounge
1356,37i9dQZF1DX1lwxXvReaux,Workday: Rock Classics
1357,37i9dQZF1DX4GMJS146m00,Workday Soul
1358,2EaYMuzaVSdPjJOqg77E2E,Women of Sweden
1359,37i9dQZF1DX0UrRvztWcAU,Wake Up Happy
1360,1m6DKwKNM1YLcm3OX6RzJg,Kvinnor att ha koll på 2014
1361,37i9dQZF1DX0ekBHz1NmKS,Made in Sweden
1362,37i9dQZF1DXdPec7aLTmlC,Happy Hits!
1363,37i9dQZF1DWXfgo3OOonqa,100
1364,37i9dQZF1DWSEMER0I7qzl,The PMS Playlist
1365,37i9dQZF1DX4OF8aCFCpJb,Svensk Reggae
1366,37i9dQZF1DX3IN93M08EFq,Spela Shoreline!
1367,37i9dQZF1DWYgwF78otcGY,Schlagerfest
1368,37i9dQZF1DX9XdJRfSK6a0,An Instrumental Sunday
1369,37i9dQZF1DX0Ew6u9sRtTY,One-Hit Wonders
1370,1xAmEtLT8c17IisGUa1f4M,38 Great Female Duets
1371,7oTMBMLu6EI4l163C9fkhg,Best of Boybands and Girl Groups
1372,37i9dQZF1DXdMgrfZfBDFy,Loud & Proud
1373,37i9dQZF1DX6BCd5Q12fpZ,Eurovision Party
1374,37i9dQZF1DX4Y4RhrZqHhr,Beach Party
1375,5MkJ5KSzz4wmCpIFvM6pFT,Johnossi
1376,2CTBt2glXb1wEzUa6wCbWU,Håkan Hellström
1377,52JrW4dL2mDe1Dneq0vH1I,Rodriguez
1378,4pL8YJw0ts5YcpxEgl1LiL,Of Monsters and Men
1379,3zxOlGe8vWwQA8eLRXBqTY,Alicia Keys
1380,6c51ZkUk7wO3Icy2sW3jvA,Daniel Adams-Ray
1381,4lwqQxljF1Rge3X4eMzdza,Kendrick Lamar
1382,5grxWts6M4gvPZFrWSNOBl,Disclosure
1383,67zOV0qxT0TT8JEHZDCBDd,Miguel
1384,37i9dQZF1DX4ELVW61Sklr,Soulful Christmas
1385,37i9dQZF1DXaXDsfv6nvZ5,Soul Coffee
1386,37i9dQZF1DXaTIN6XNquoW,This Is Michael Jackson
1387,37i9dQZF1DX843Qf4lrFtZ,"Young, Wild & Free"
1388,0LqjAibgbS9ep32zZrDcAN,Welcome Home
1389,37i9dQZF1DWU8quswnFt3c,Amplify: Women's History Month
1390,37i9dQZF1DWYtQSOiZF6hj,Happy Birthday
1391,6PzNMpCPMDMo1pOUjNhDUC,Kids B-day Party
1392,2mADaSxlIcxRDSG9e9vLlh,Walk The Dog
1393,0uZg7go8TKu5hpv1L6CJ4y,Tagga För OS
1394,37i9dQZF1DWWiDhnQ2IIru,70s Road Trip
1395,1cddSHoeIrE3m0i8TqYNbn,Annorlunda Kärlekslåtar
1396,5Dn14a8hNIhT3NLLjUUBGL,Fuck Valentine!
1397,1apRF10Iufr0NBBiF1u7E5,Valentine anger
1398,7qeSmszUjRBWOwHzlxfEXt,Det är så tråkigt och trist utan dig
1399,2PMlGn5a2jxukdhCYQyQvG,Inget är större än KÄRLEKEN
1400,3cC0Hnr7idCemR4JxOh2lI,Folk & Rock 200 favoriter
1401,24HEIuw8etbkitpDCxZ1dQ,The Critics Choice 2012
1402,0NYlvGXveeyvhb5G80LPtA,EM Fotboll 2012
1403,2IBmQa3jJULanJldYav1jW,Way Out West 2013
1404,3PNltrHQaYdqO0FdTAZ3wB,Sweden Rock 2013
1405,7LxjY6mdINPgSVhILU2nk6,Metaltown 2013
1406,0pTJgTL7GIhxto5z35Rfwu,Hultsfred 2013
1407,3JqYduMX06DjhsJRBG4kN5,Putte i Parken 2013
1408,4ftQXs8PU4QMqPLMaJG7QT,Getaway Rock 2013
1409,74Wbo0ObpdSDnCIGvEDHOk,Bråvalla Festival 2013
1410,5Q9dGaDLzwijaWkI4yFfSk,Peace & Love 2013
1411,2fC7gpl3V9MmCc8gBPHc66,Sonisphere
1412,6ClBNzH2PMh2jvkEuSFBFJ,Gainsville Stockholm 2012
1413,0DH66SG2vZ7dIocTxxA5q9,Ystad Sweden Jazzfestival 2012
1414,2XQnLAZo27gz7VGRBl34l9,Storsjöyran 2012
1415,4muFXNJjmJvLWdHmx0PKYO,Emmaboda 2012
1416,6lrsZHHFL65pjpDcjv6sFi,Stockholm Music & Arts 2012
1417,0mJut6QO3dUUAOJlBPujT1,Popaganda 2012
1418,6cSO5pHOCQxoEiXYDPa3Uq,Metaltown 2012
1419,7b1rMSnmiYfj8nH8spIjxF,Urkult 2012
1420,2xxkK8eaOyM6JRhHOheZBZ,Sweden Rock Festival 2012
1421,26yS4HN010lrCBBlCbjF2b,Hultsfred 2012
1422,5eRHTcvWyEU0MEzNOiR2j1,Putte i parken 2012
1423,4mM7tVGeVv4dOFPTlftofk,Getaway Rock 2012
1424,7DcfXNVB5WpzYwCkqBaVDx,Peace & Love 2012
1425,33eWAE7F4bBUAjGtJVtCYB,Sveriges Nationaldag
1426,37i9dQZF1DWX6s7PHJnk94,Dans runt stången
1427,3ukqAcaahACMyRzpkwHXew,New year's eve by Icona Pop
1428,37i9dQZF1DX1ZrmwZWFpDG,New Year's Dance Floor
1429,5zyeLrOc31CPX7uk9xNL7y,Swing in the New Year
1430,214Nwj78JwTfjSeQxbGxeX,Alternative New Year's Eve
1431,37i9dQZF1DWW6FKfbzAFjW,Cinco de Mayo Fiesta
1432,37i9dQZF1DX50QitC6Oqtn,Love Pop
1433,37i9dQZF1DX561TxkFttR4,88 Keys
1434,3yUO32lGCEnAfFGORSEsy4,Raw Expression
1435,37i9dQZF1DXbwoaqxaoAVr,Sunshine Reggae
1436,37i9dQZF1DX3ohNxI5tB79,Morning Rhythm
1437,37i9dQZF1DX44dZ4p5QLf4,I Love My Neo-Soul
1438,37i9dQZF1DX8MbMfAHb8U0,Afternoon Train Ride
1439,37i9dQZF1DXea80XwOJRgD,The Midnight Hour
1440,37i9dQZF1DXdc0DUqaW3MZ,Soultronic
1441,37i9dQZF1DXab8DipvnuNU,The Cookout
1442,2k9EArKbf7N3QUmuNJHSo8,Intervju med Seinabo Sey
1443,5sk53m6HgZorO1RDUkaiIZ,The official Bråvalla Festival playlist 2017
1444,73boXMJz9iBoXxQVFZ94r5,International Playboy
1445,2y74Ha0ztRUcIYmqITh0D4,National Blood Week
1446,1k9jG0FUp7BcrAF1MZSabO,Most Listened To British Dads on Spotify
1447,37i9dQZF1DX44t7uCdkV1A,Viral Hits
1448,37i9dQZF1DWVmps5U8gHNv,Essential Folk
1449,37i9dQZF1DX3WvGXE8FqYX,Women of Pop
1450,5ji4GZJpll6twskFvKxiHx,dw-c
1451,40VxbK9NqccdUDUpiUXmbp,dw_g
1452,0RTz1jFo5BXGPfI8eVf8sj,Top Shower Songs
1453,4lgseztVwmKQ8MNETPVIny,foodora dinner playlist
