,id,followers,Unnamed: 0,name
0,37i9dQZF1DXcBWIGoYBM5M,29437394,0,Today's Top Hits
1,37i9dQZEVXbMDoHDwVN2tF,16277738,626,Top 50 - Global
2,37i9dQZF1DX0XUsuxWHRQd,14043789,1,RapCaviar
3,37i9dQZF1DX10zKzsJ2jva,11233879,3,Â¡Viva Latino!
4,37i9dQZF1DWWMOmoXKqHTD,9896699,799,Songs to Sing in the Car
5,37i9dQZF1DX4o1oenSJRJd,9543321,12,All Out 00s
6,37i9dQZF1DWXRqgorJj26U,9322582,7,Rock Classics
7,37i9dQZF1DX4UtSsGT1Sbe,8834679,14,All Out 80s
8,37i9dQZF1DXbTxeAdrVG2l,6818266,13,All Out 90s
9,37i9dQZF1DX3rxVfibe1L0,6806244,707,Mood Booster
10,37i9dQZF1DX4WYpdgoIcn6,6676923,423,Chill Hits
11,37i9dQZF1DX1lVhptIYRda,6482739,2,Hot Country
12,37i9dQZF1DX4sWSpwq3LiO,6288650,5,Peaceful Piano
13,37i9dQZF1DWSqmBTGDYngZ,6252694,1281,Songs to Sing in the Shower
14,37i9dQZF1DWY4xHQp97fN6,6049856,22,Get Turnt
15,37i9dQZF1DXdxcBWuJkbcy,5873058,1267,Motivation Mix
16,37i9dQZF1DX4dyzvuaRJ0n,5854192,8,mint
17,37i9dQZF1DX4SBhb3fqCJd,5710311,6,Are & Be
18,37i9dQZF1DXdPec7aLTmlC,5653438,1302,Happy Hits!
19,37i9dQZF1DXbYM3nMM0oPk,5591609,704,Mega Hit Mix
20,37i9dQZF1DX0s5kDXi1oC5,5452424,708,Hit Rewind
21,37i9dQZF1DWTwnEm1IYyoj,5420292,18,Soft Pop Hits
22,37i9dQZF1DX7KNKjOK0o75,5063875,995,Have a Great Day!
23,37i9dQZF1DWWxPM4nWdhyI,4873969,243,This Is Ed Sheeran
24,37i9dQZF1DXaXB8fQg7xif,4666496,119,Dance Party
25,37i9dQZF1DXcF6B6QPhFDv,4568944,9,Rock This
26,37i9dQZF1DX70RN3TfWWJh,4481911,742,Workout
27,37i9dQZF1DX1rVvRgjX59F,4426480,57,90s Rock Anthems
28,37i9dQZF1DWTJ7xPn4vNaz,4421672,15,All Out 70s
29,37i9dQZF1DX9wC1KY45plY,4274673,1242,Classic Road Trip Songs
30,37i9dQZF1DWZd79rJ6a7lp,4255388,1216,Sleep
31,37i9dQZF1DXa2PvUpywmrr,3961006,713,Party Hits
32,37i9dQZF1DWTyiBJ6yEqeu,3890572,958,Top Gaming Tracks
33,37i9dQZF1DX6ziVCJnEm59,3884488,810,Your Favorite Coffeehouse
34,37i9dQZF1DX3oM43CtKnRV,3794361,1056,00s Rock Anthems
35,37i9dQZF1DX4JAvHpjipBk,3791939,4,New Music Friday
36,37i9dQZF1DWUVpAXiEPK8P,3754180,28,Power Workout
37,37i9dQZF1DWXmlLSKkfdAk,3697952,397,Acoustic Covers
38,37i9dQZF1DWU0ScTcjJBdj,3664904,798,Relax & Unwind
39,37i9dQZF1DWYmmr74INQlb,3655215,104,I Love My '00s R&B
40,37i9dQZF1DWUH2AzNQzWua,3589916,773,Acoustic Hits: Oldies but Goodies
41,37i9dQZF1DX4fpCWaHOned,3546280,972,Confidence Boost
42,37i9dQZF1DWXLeA8Omikj7,3530786,113,Brain Food
43,37i9dQZF1DWZeKCadgRdKQ,3504270,991,Deep Focus
44,37i9dQZF1DX50QitC6Oqtn,3389780,1373,Love Pop
45,37i9dQZEVXbLRQDuF5jeBp,3367578,1173,Top 50 - USA
46,37i9dQZF1DX0BcQWzuB7ZO,3345543,109,Dance Hits
47,37i9dQZF1DWSJHnPb1f0X3,3342806,741,Cardio
48,37i9dQZF1DX7QOv5kjbU68,3342041,285,This Is Drake
49,37i9dQZF1DXcZDD7cfEKhW,3249253,108,Pop Remix
50,37i9dQZF1DX9XIFQuFvzM4,3204368,993,Feelin' Good
51,37i9dQZF1DX3YSRoSdA634,3159736,1262,Life Sucks
52,37i9dQZF1DX9tPFwDMOaN1,3138806,491,K-Pop Daebak
53,37i9dQZF1DX6VdMW310YC7,3114872,115,Chill Tracks
54,37i9dQZF1DX6xOPeSOGone,3079424,424,Soft Rock
55,37i9dQZF1DX177vQ7mVRmP,3066421,238,This Is Bruno Mars
56,37i9dQZF1DX4pUKG1kS0Ac,3032429,1048,Guilty Pleasures
57,37i9dQZF1DX7F6T2n2fegs,3003401,1291,Throwback Party
58,37i9dQZF1DWWGFQLoP9qlv,2965594,814,Legendary
59,37i9dQZF1DXbrUpGvoi3TS,2962769,1240,Broken Heart
60,37i9dQZF1DWX83CujKHHOn,2809521,1251,Alone Again
61,37i9dQZF1DXdLtD0qszB1w,2760155,220,This Is The Beatles
62,37i9dQZF1DWYBO1MoTDhZI,2741553,976,Good Vibes
63,37i9dQZF1DX843Qf4lrFtZ,2736908,1327,"Young, Wild & Free"
64,37i9dQZF1DWTkxQvqMy4WW,2722931,80,Chillin' on a Dirt Road
65,37i9dQZF1DX6VDO8a6cQME,2669666,102,I Love My '90s R&B
66,37i9dQZF1DX0Uv9tZ47pWo,2578848,1225,Girls' Night
67,37i9dQZF1DX2RxBh64BHjQ,2529356,20,Most Necessary
68,37i9dQZF1DXaKIA8E7WcJj,2517707,16,All Out 60s
69,37i9dQZF1DXbSbnqxMTGx9,2483978,1055,Reggae Classics
70,37i9dQZF1DWWEJlAGA9gs0,2471450,391,Classical Essentials
71,37i9dQZF1DX6bnzK9KPvrz,2462006,270,This Is The Weeknd
72,37i9dQZF1DX35oM5SPECmN,2420538,388,Run Wild
73,37i9dQZF1DWWiDhnQ2IIru,2404288,1335,70s Road Trip
74,37i9dQZF1DXaQm3ZVg9Z2X,2376292,941,This Is Coldplay
75,37i9dQZF1DXc2aPBXGmXrt,2371887,251,This Is Justin Bieber
76,37i9dQZF1DWVA1Gq4XHa6U,2365294,21,Gold School
77,37i9dQZF1DWVqfgj8NZEp1,2342794,1142,Coffee Table Jazz
78,37i9dQZF1DX8NTLI2TtZa6,2341983,382,Intense Studying
79,37i9dQZF1DWUa8ZRTfalHk,2289035,705,Pop Rising
80,37i9dQZF1DX504r1DvyvxG,2280538,375,Classic Acoustic
81,37i9dQZF1DX2TRYkJECvfC,2259022,120,Deep House Relax
82,37i9dQZF1DX6p4TJxzMRDe,2252809,260,This Is One Direction
83,37i9dQZF1DX7gIoKXt0gmx,2228281,986,All The Feels
84,37i9dQZF1DWWhBhYl3ZMvY,2226679,298,This Is Rihanna
85,37i9dQZF1DX4eRPd9frC1m,2215237,125,Hype
86,37i9dQZF1DX3WvGXE8FqYX,2188234,1390,Women of Pop
87,37i9dQZF1DXb9LIXaj5WhL,2170036,395,90s Acoustic
88,37i9dQZEVXbLnolsZ8PSNw,2162737,1165,Top 50 - United Kingdom
89,37i9dQZF1DX2UgsUIg75Vg,2151532,94,Chilled R&B
90,37i9dQZF1DX889U0CL85jj,2150792,1028,Chill Vibes
91,37i9dQZF1DX2Nc3B70tvx0,2142789,924,Ultimate Indie
92,37i9dQZF1DX5IDTimEWoTd,2141405,982,Warm Fuzzy Feeling
93,37i9dQZF1DX6z20IXmBjWI,2133935,383,Infinite Acoustic
94,37i9dQZF1DXcRXFNfZr7Tp,2120155,11,just hits
95,37i9dQZF1DX32NsLKyzScr,2117001,121,Power Hour
96,37i9dQZF1DWZUozJiHy44Y,2101698,233,This Is Adele
97,37i9dQZEVXbJiZcmkrIHGU,2055307,1177,Top 50 - Germany
98,37i9dQZF1DX2LTcinqsO68,2039802,665,Old School Metal
99,37i9dQZF1DXaTIN6XNquoW,2029448,1326,This Is Michael Jackson
